url,title,description,publisher,publication_date,last_updated,formats,license,download_url,doi,title_confidence,description_confidence,publisher_confidence,publication_date_confidence,last_updated_confidence,formats_confidence,license_confidence,download_url_confidence,doi_confidence
https://catalog.data.gov/dataset/supply-chain-greenhouse-gas-emission-factors-v1-3-by-naics-6,Supply Chain Greenhouse Gas Emission Factors v1.3 by NAICS-6,"The datasets comprise greenhouse gas (GHG) emission factors (Factors) for 1,016 U.S. commodities as defined by the 2017 version of the North American Industry Classification System (NAICS). The Factors are based on GHG data for 2022. Factors are given for all NAICS-defined commodities at the 6-digit level except for electricity, government, and households. Each record consists of three factor types as in the previous releases: Supply Chain Emissions without Margins (SEF), Margins of Supply Chain Emissions (MEF), and Supply Chain Emissions with Margins (SEF+MEF). One set of Factors provides kg carbon dioxide equivalents (CO2e) per 2022 U.S. dollar (USD) for all GHGs combined using 100-yr global warming potentials from IPCC 5th report (AR5) to calculate the equivalents. In this dataset there is one SEF, MEF and SEF+MEF per commodity. The other dataset of Factors provides kg of each unique GHG emitted per 2022 dollar per commodity without the CO2e calculation. The dollar in the denominato",U.S. EPA Office of Research and Development (ORD),,,,https://pasteur.epa.gov/license/sciencehub-license.html,https://pasteur.epa.gov/uploads/10.23719/1531143/SupplyChainGHGEmissionFactors_v1.3.0_NAICS_CO2e_USD2022.csv,,0.663,0.229,0.306,,,,0.241,0.715,
https://catalog.data.gov/dataset/electric-vehicle-population-data,Electric Vehicle Population Data,This dataset shows the Battery Electric Vehicles (BEVs) and Plug-in Hybrid Electric Vehicles (PHEVs) that are currently registered through Washington State Department of Licensing (DOL).,data.wa.gov,2023-10-19,,,http://opendatacommons.org/licenses/odbl/1.0/,https://data.wa.gov/api/v3/views/f6w7-q2d2/query.json?accessType=DOWNLOAD,,0.472,0.157,0.554,0.224,,,0.812,0.916,
https://catalog.data.gov/dataset/fy-2025-disability-compensation-recipients-by-county,FY 2025 Disability Compensation Recipients by County,"This report provides county-level estimates of the number of Veterans receiving VA Disability Compensation benefits as of 9/30/2025. It includes the Veterans’ total service-connected disability (SCD) rating, age group, and sex. Blank values represent small cell counts that have been suppressed to protect the identity of Veterans as well as some cell counts that have been suppressed in order to prevent the determination of the values of the aforementioned small cell counts. Some categories may not sum to the total due to missing information (e.g., age, sex, etc.). Data is current as of 9/30/2025. The availability of sex and age data is limited as some records have no sex or birthdate available. In the table, there are 878 Veterans whose sex is not available and 28 Veterans whose age is not available. The number of Veterans who were disability compensation recipients during FY 2025 but were no longer disability compensation recipients at the end of FY 2025 is 149,077. These Veterans are ",Department of Veterans Affairs,2026-05-13,,,https://creativecommons.org/publicdomain/zero/1.0/,https://www.data.va.gov/api/v3/views/95an-zhhy/query.json?accessType=DOWNLOAD,,0.43,0.156,0.145,0.117,,,0.855,0.904,
https://catalog.data.gov/dataset/lottery-powerball-winning-numbers-beginning-2010,Lottery Powerball Winning Numbers: Beginning 2010,Go to http://on.ny.gov/1GpWiHD on the New York Lottery website for past Powerball results and payouts.,data.ny.gov,2026-06-04,,,,https://data.ny.gov/api/v3/views/d6yy-54nr/query.json?accessType=DOWNLOAD,,0.391,0.193,0.371,0.112,,,,0.916,
https://catalog.data.gov/dataset/jpl-small-body-database-browser,JPL Small Body Database Browser,"The JPL Small-Body Database Browser provides data for all known asteroids and many comets. Newly discovered objects and their orbits are added on a daily basis. Discovery circumstances are updated on a roughly monthly interval. Physical parameters, other than magnitude parameters, are updated on a less frequent basis.",National Aeronautics and Space Administration,1998-03-23,,,,http://ssd.jpl.nasa.gov/sbdb.cgi,,0.471,0.255,0.127,0.324,,,,0.771,
https://catalog.data.gov/dataset/2015-16-harassment-or-bullying-by-basis-category-civil-rights-data-collection,2015-16 Harassment or Bullying by Basis Category Civil Rights Data Collection,"The 2015-16 tables are based on data collected from all of the nation’s school districts and schools—approximately 17,300 school districts and 96,300 schools. This set of Excel files contains data on students reported as harassed or bullied or disciplined for harassment or bullying on the basis of sex, race, or disability category for all states. Each file contains three spreadsheets: total students, male students, and female students. The Excel file contains data on allegations of harassment or bullying by type of allegations for all states.",Office for Civil Rights (OCR),,,,http://www.opendefinition.org/licenses/cc-by,https://civilrightsdata.ed.gov/assets/downloads/2015-2016/Allegations-of-Harassment-or-Bullying.xlsx,,0.437,0.187,0.336,,,,0.634,0.803,
https://catalog.data.gov/dataset/baby-names-from-social-security-card-applications-national-data,Baby Names from Social Security Card Applications - National Data,"The data (name, year of birth, sex, and number) are from a 100 percent sample of Social Security card applications for 1880 on.",Social Security Administration,null,,,https://creativecommons.org/publicdomain/zero/1.0/,https://www.ssa.gov/oact/babynames/index.html,,0.612,0.232,0.133,0.923,,,0.855,0.534,
https://catalog.data.gov/dataset/crime-data-from-2020-to-present,Crime Data from 2020 to 2024,"******Notice: Transition to NIBRS-Compliant Crime Data Reporting The Los Angeles Police Department (LAPD) has completed its transition from the legacy Records Management System, which reported crime and arrest data under Uniform Crime Reporting (UCR) standards, to a modernized system fully aligned with the National Incident-Based Reporting System (NIBRS). As part of this transition, the legacy system is no longer active, and no new information will be entered. Consequently, the Crime Data from 2020 to Present dataset will no longer be updated. It will remain available on the portal for historical reference only. To provide the public with current and comprehensive information, LAPD now publishes datasets sourced directly from the new Records Management System in accordance with NIBRS standards. These datasets were introduced in October 2024 and are refreshed on a bi-weekly schedule: • [LAPD NIBRS Offenses Dataset | Los Angeles Open Data Portal] • [LAPD NIBRS Victims Dataset | Los Angel",data.lacity.org,2020-02-10,,,http://creativecommons.org/publicdomain/zero/1.0/legalcode,https://data.lacity.org/api/v3/views/2nrs-mtv8/query.json?accessType=DOWNLOAD,,0.585,0.212,0.311,0.61,,,0.68,0.922,
https://catalog.data.gov/dataset/warehouse-and-retail-sales,Warehouse and Retail Sales,This dataset contains a list of sales and movement data by item and department appended monthly. Update Frequency : Monthly,data.montgomerycountymd.gov,2017-07-06,,,,https://data.montgomerycountymd.gov/api/v3/views/v76h-r7br/query.json?accessType=DOWNLOAD,,0.646,0.195,0.59,0.408,,,,0.888,
https://catalog.data.gov/dataset/business-lookup,Business Lookup,"The Business Lookup provides public information related to all current active accounts and five years of closed accounts for business licenses, excise tax accounts, and reseller permits issued by the Washington State Department of Revenue (DOR). It allows for search by business name, trade name, owners and officers, reseller permit number, unified business identifier (UBI), license number, street address, city, state, county, and endorsements issued through DOR's Business Licensing Service.",data.wa.gov,2016-04-07,,,,https://secure.dor.wa.gov/gteunauth/?Link=Lookup,,0.677,0.335,0.554,0.462,,,,0.807,
https://catalog.data.gov/dataset/inventory-of-owned-and-leased-properties-iolp,Inventory of Owned and Leased Properties (IOLP),"The Inventory of Owned and Leased Properties (IOLP) allows users to search properties owned and leased by the General Services Administration (GSA) across the United States, Puerto Rico, Guam and American Samoa. The Owned and Leased Data Sets include the following data except where noted below for Leases: - Location Code - GSA’s alphanumeric identifier for the building - Real Property Asset Name - Allows users to find information about a specific building - Installation Name - Allows users to identify whether a property is part of an installation, such as a campus - Owned or Leased - Indicates the building is federally owned (F) or leased (L) - GSA Region - GSA assigned region for building location - Street Address/City/State/Zip Code - Building address - Longitude and Latitude - Map coordinates of the building (only through .csv export) - Rentable Square Feet - Total rentable square feet in building - Available Square Feet - Vacant space in building - Construction Date (Owned Only) - ",General Services Administration,2002-01-01,,,https://creativecommons.org/publicdomain/zero/1.0/,https://inventory.data.gov/dataset/9a9e946e-124e-46f5-a934-e458a6c1c2b2/resource/76d0c902-54de-4483-a5ad-5869ae474e0f/download/iolp19139_07092026.xml,,0.541,0.248,0.167,0.474,,,0.855,0.998,
https://catalog.data.gov/dataset/nps-visitor-use-statistics-data-package-2024,"NPS Visitor Use Statistics Data Package, 2024","The NPS Social Science Program is responsible for coordinating visitor use statistics reporting for units administered by the NPS. ‘Visitor Use Statistics’ refers to a formal set of statistics collected by the National Park Service that address how many people visit parks and how long they stay. Program staff work with parks to develop appropriate data collection procedures and provide quality control for visitor use data. Such coordination ensures that visitor use data are consistent and reliable throughout all units of the National Park System. This data package contains data collected from 1979-2024. Detailed instructions for the units that collect data, monthly visitation summaries, and reports displaying trends in park visitation are available on the NPS Visitor Use Statistics website (https://irma.nps.gov/Stats/).",National Park Service,2026-01-15,,,https://creativecommons.org/publicdomain/zero/1.0/deed.en,https://irma.nps.gov/DataStore/DownloadFile/753819?Reference=2316688,,0.334,0.207,0.152,0.136,,,0.857,0.812,
https://catalog.data.gov/dataset/2017-18-arrests-civil-rights-data-collection,2017-18 Arrests Civil Rights Data Collection,This set of Excel file contains data on student referrals to law enforcement by disability and student-related arrests by disability for all states. It also contains data on incidents of offenses by type of offense for all states.,Office for Civil Rights (OCR),,,,http://www.opendefinition.org/licenses/cc-by,https://civilrightsdata.ed.gov/assets/downloads/2017-2018/School-Climate/Offenses/Offenses.xlsx,,0.612,0.182,0.336,,,,0.634,0.818,
https://catalog.data.gov/dataset/u-s-chronic-disease-indicators,U.S. Chronic Disease Indicators,"CDC's Division of Population Health provides a cross-cutting set of 115 indicators developed by consensus among CDC, the Council of State and Territorial Epidemiologists, and the National Association of Chronic Disease Directors. These indicators allow states and territories to uniformly define, collect, and report chronic disease data that are important to public health practice in their area. In addition to providing access to state-specific indicator data, the CDI web site serves as a gateway to additional information and data resources.",Centers for Disease Control and Prevention,2023-11-13,,,http://opendatacommons.org/licenses/odbl/1.0/,https://data.cdc.gov/api/v3/views/hksd-2xuw/export.csv?accessType=DOWNLOAD,,0.425,0.265,0.184,0.208,,,0.812,0.916,
https://catalog.data.gov/dataset/harmonized-tariff-schedule-of-the-united-states-2025,Harmonized Tariff Schedule of the United States (2026),"This dataset is the current 2026 Harmonized Tariff Schedule plus all revisions for the current year. It provides the applicable tariff rates and statistical categories for all merchandise imported into the United States; it is based on the international Harmonized System, the global system of nomenclature that is used to describe most world trade in goods.",Office of Tariff Affairs and Trade Agreements,2025-12-31,,,http://www.usa.gov/publicdomain/label/1.0/,https://www.usitc.gov/sites/default/files/tata/hts/hts_2026_basic_edition_csv.csv,,0.309,0.254,0.362,0.147,,,0.859,0.778,
https://catalog.data.gov/dataset/national-public-warning-system-npws-primary-entry-point-pep-station-asset-list,National Public Warning System (NPWS) Primary Entry Point (PEP) Station Asset List,"The National Public Warning System (NPWS), also known as Primary Entry Point (PEP) stations, are radio broadcast stations that work with FEMA to provide emergency alert and warning information to the public before, during and after incidents and disasters. The FEMA NPWS also serves as the primary source of initial broadcast for a national alert. NPWS stations are equipped with back-up communications equipment and power generators designed to enable them to continue broadcasting information to the public during and after an event. The NPWS can directly reach more than 90 %of the U.S. population and ensures that under all conditions the President can alert and warn the public.",FEMA/NCP/IPAWS DIVISION,,,,https://www.usa.gov/government-works,https://usfema.sharepoint.com/sites/OAI/ncp/ipaws/SitePages/Integrated-Public-Alerts-and-Warning-System.aspx,,0.202,0.211,0.549,,,,0.0,0.509,
https://catalog.data.gov/dataset/ipcc-ar4-ar5-and-ar6-20-100-and-500-year-gwps,"IPCC AR4, AR5, and AR6 20-, 100-, and 500-year GWPs","The International Panel for Climate Change (IPCC) produces regular Assessment Reports that provide global warming potentials (GWPs) for greenhouse gases (GHG) in the context of multiple time horizons including 20, 100, and 500 years. The GWPs (in kg CO2-equivalent per kg GHG) can be multiplied by kg GHGs emitted for use in estimating CO2-equivalent (CO2e) impacts of GHGs emitted. In the context of life cycle assessment (LCA) , the GWPs can be used as characterization factors in of the life cycle impact assessment. This dataset provides 20- (GWP-20), 100- (GWP-100) and 500-year (GWP-500) GWPs from the 4th (AR4), 6th (AR6) IPCC assessment reports, and 20- (GWP-20) and 100-year (GWP-100) GWPs from the 5th (AR5) report (AR5 provided no 500 yr GWPs). Datasets are provided in simple tables in Excel, in the openLCA JSON-LD format compliant with the U.S. Federal LCA Commons standards, and in Apache parquet format for the most efficient import into applications or scripts using languages like P",U.S. EPA Office of Research and Development (ORD),,,,https://pasteur.epa.gov/license/sciencehub-license.html,https://dmap-data-commons-ord.s3.amazonaws.com/lciafmt/ipcc/IPCC_v1.1.1_27ba917.parquet,,0.244,0.238,0.306,,,,0.241,0.828,
https://catalog.data.gov/dataset/supply-chain-greenhouse-gas-emission-factors-v1-2-by-naics-6,Supply Chain Greenhouse Gas Emission Factors v1.2 by NAICS-6,"The datasets are comprised of greenhouse gas (GHG) emission factors (Factors) for 1,016 U.S. commodities as defined by the 2017 version of the North American Industry Classification System (NAICS). The Factors are based on GHG data representing 2019. Factors are given for all NAICS-defined commodities at the 6-digit level except for electricity, government, and households. Each record consists of three factor types as in the previous releases: Supply Chain Emissions without Margins (SEF), Margins of Supply Chain Emissions (MEF), and Supply Chain Emissions with Margins (SEF+MEF). One set of Factors (SupplyChainGHGEmissionFactors_v1.2_NAICS_CO2e_USD2021.csv) provides kg carbon dioxide equivalents (CO2e) per USD for all GHGs combined using 100 yr global warming potentials from the 4th IPPC Assessment report to calculate the equivalents. In this dataset there is one SEF, MEF and SEF+MEF per commodity. The other dataset of Factors (SupplyChainGHGEmissionFactors_v1.2_NAICS_byGHG_USD2021.csv)",U.S. EPA Office of Research and Development (ORD),,,,https://pasteur.epa.gov/license/sciencehub-license.html,https://pasteur.epa.gov/uploads/10.23719/1528686/SupplyChainGHGEmissionFactors_v1.2_NAICS_CO2e_USD2021.csv,,0.658,0.265,0.306,,,,0.241,0.784,
https://catalog.data.gov/dataset/civil-rights-data-collection-crdc-for-the-2017-18-school-year,Civil Rights Data Collection (CRDC) for the 2017-18 school year,"The Civil Rights Data Collection, 2017-18 (CRDC 2017-18) is part of the Civil Rights Data Collection (CRDC) program; program data are available beginning with the 2000 collection at https://civilrightsdata.ed.gov/data. CRDC 2017-18 is a cross-sectional survey that collects data on key education and civil rights issues in the nation's public schools, which include student enrollment and educational programs and services, disaggregated by race/ethnicity, sex, limited English proficiency, and disability. LEAs submit administrative records about schools in the district. CRDC 2017-18 is a universe survey. Key statistics produced from CRDC 2017-18 can provide information about critical civil rights issues as well as contextual information on the state of civil rights in the nation, including enrollment demographics, advanced placement, school discipline, and special education services.",Office for Civil Rights (OCR),,,,http://www.opendefinition.org/licenses/cc-by,https://civilrightsdata.ed.gov/assets/ocr/docs/2017-18-crdc-data.zip,,0.356,0.282,0.336,,,,0.634,0.787,
https://catalog.data.gov/dataset/lottery-mega-millions-winning-numbers-beginning-2002,Lottery Mega Millions Winning Numbers: Beginning 2002,Go to http://on.ny.gov/1J8tPSN on the New York Lottery website for past Mega Millions results and payouts.,data.ny.gov,2021-04-28,,,,https://data.ny.gov/api/v3/views/5xaw-6ayf/query.json?accessType=DOWNLOAD,,0.392,0.154,0.371,0.367,,,,0.911,
https://catalog.data.gov/dataset/2017-18-harassment-or-bullying-civil-rights-data-collection,2017-18 Harassment or Bullying Civil Rights Data Collection,"This set of Excel files contains data on students reported as harassed or bullied or disciplined for harassment or bullying on the basis of sex, race, or disability category for all states. Each file contains three spreadsheets: total students, male students, and female students.",Office for Civil Rights (OCR),,,,http://www.opendefinition.org/licenses/cc-by,https://civilrightsdata.ed.gov/assets/downloads/2017-2018/School-Climate/Harassment-or-Bullying/Harassment-Bullying-on-basis-of-disability_discplined.xlsx,,0.512,0.187,0.336,,,,0.634,0.829,
https://catalog.data.gov/dataset/2013-14-mathematics-and-science-civil-rights-data-collection,2013-14 Mathematics and Science Civil Rights Data Collection,"The 2013-14 tables are based on data collected from all of the nation’s school districts and schools—approximately 16,500 school districts and 96,500 schools. This Excel file contains data for schools offering classes in mathematics and science, and student enrollment for all states. The file contains one spreadsheet for total schools. For all mathematics and science courses, there are three spreadsheets: total students, male students, and female students.",Office for Civil Rights (OCR),,,,http://www.opendefinition.org/licenses/cc-by,https://civilrightsdata.ed.gov/assets/downloads/2013-2014/Classes-in-Mathematics-and-Science.xlsx,,0.489,0.193,0.336,,,,0.634,0.834,
https://catalog.data.gov/dataset/national-stock-number-extract,National Stock Number Extract,"National Stock Number extract includes the current listing of National Stock Numbers (NSNs) , NSN item name and descriptions, and current selling price of each product listed in GSA Advantage and managed by GSA. Each NSN is listed with the vendors description of the item. Some descriptions exceed the standard length and are truncated.",General Services Administration,2010-03-22,,,https://creativecommons.org/publicdomain/zero/1.0/,https://inventory.data.gov/dataset/67567804-073d-40ad-a710-2b0bed8b84e2/resource/3b7ed6b7-7dce-42f1-852d-6465e3e790e4/download/nsn-extract-2-21-23.xls.xlsx,,0.462,0.177,0.167,0.305,,,0.855,0.997,
https://catalog.data.gov/dataset/nutrition-physical-activity-and-obesity-behavioral-risk-factor-surveillance-system,"Nutrition, Physical Activity, and Obesity - Behavioral Risk Factor Surveillance System","This dataset includes data on adult's diet, physical activity, and weight status from Behavioral Risk Factor Surveillance System. This data is used for DNPAO's Data, Trends, and Maps database, which provides national and state specific data on obesity, nutrition, physical activity, and breastfeeding.",Centers for Disease Control and Prevention,2025-01-30,,,http://opendefinition.org/licenses/odc-odbl/,https://data.cdc.gov/api/v3/views/hn4x-zwk7/export.csv?accessType=DOWNLOAD,,0.69,0.434,0.184,0.178,,,0.298,0.916,
https://catalog.data.gov/dataset/consumer-complaint-database,Consumer Complaint Database,"The Consumer Complaint Database is a collection of complaints about consumer financial products and services that we sent to companies for response. Complaints are published after the company responds, confirming a commercial relationship with the consumer, or after 15 days, whichever comes first. Complaints referred to other regulators, such as complaints about depository institutions with less than $10 billion in assets, are not published in the Consumer Complaint Database. The database generally updates daily.",Consumer Financial Protection Bureau,,,,,https://www.consumerfinance.gov/data-research/consumer-complaints/,,0.6,0.279,0.17,,,,,0.32,
https://catalog.data.gov/dataset/company-census-file,Company Census File,"The Company Census File contains records for active, inactive, and pending entities registered with FMCSA. Entities include those entities subject to the FMCSR, HMR, or intrastate non-Hazardous Material (HM) carriers. To identify each entity, FMCSA assigns a unique number to each entity record. This number is referred to as the USDOT number. Each Census record contains entity identifying data, business operations data, equipment and driver data, and carrier review data.",Federal Motor Carrier Safety Administration,2025-10-13,,,https://project-open-data.cio.gov/unknown-license/,https://data.transportation.gov/api/v3/views/az4n-8mr2/query.json?accessType=DOWNLOAD,,0.287,0.243,0.163,0.193,,,0.598,0.908,
https://catalog.data.gov/dataset/useeio-v2-5-models,USEEIO v2.5 Models,"This dataset consists of various USEEIO v2.5 models. All models are built using the coupled model approach described in the EPA 2024 report ""Estimating embodied environmental flows in international imports for the U.S. Environmentally-Extended Input-Output (USEEIO) Model"" and using the v1.7.0 release of useeior. Models are named using an alias that corresponds with a unique set of model attributes, and the final two digits represent the last two digits of the year intended to be represented. Model alias attributes are defined at https://github.com/USEPA/USEEIO/blob/master/models.md#aliases. Catbird and oriole are detailed and summary-level models, respectively, coupled with CEDA 2024 for representing GHGs in imports. Kinglet and kingbird are detailed and summary-level models, respectively, coupled with EXIOBASE v3.8.2 for representing GHGs in imports. Waxwing and yellowthroat are detailed and summary-level models, respectively, coupled with the GLORIA v59a model for representing GHGs a",U.S. EPA Office of Research and Development (ORD),,,,https://pasteur.epa.gov/license/sciencehub-license.html,https://pasteur.epa.gov/uploads/10.23719/1532178/USEEIOv2.5-catbird-22.xlsx,,0.271,0.22,0.306,,,,0.241,0.717,
https://catalog.data.gov/dataset/nyc-historical-vital-records-index-to-digitized-death-certificates,NYC Historical Vital Records: Index to Digitized Death Certificates,The dataset is an index to digitized historical death certificates from 1862-1948 from all 5 NYC boroughs. Details about certificates in DORIS's collection and their digitization status can be found on our website (https://a860-historicalvitalrecords.nyc.gov/digital-vital-records).,data.cityofnewyork.us,2023-07-19,,,,https://data.cityofnewyork.us/api/v3/views/797j-9xvg/query.json?accessType=DOWNLOAD,,0.674,0.612,0.319,0.271,,,,0.905,
https://catalog.data.gov/dataset/baby-names-from-social-security-card-applications-state-and-district-of-columbia-data,Baby Names from Social Security Card Applications - State and District of Columbia Data,"The data (name, year of birth, sex, state, and number) are from a 100 percent sample of Social Security card applications starting with 1910. National data is in another dataset.",Social Security Administration,null,,,https://creativecommons.org/publicdomain/zero/1.0/,https://www.ssa.gov/oact/babynames/index.html,,0.412,0.173,0.133,0.923,,,0.855,0.534,
https://catalog.data.gov/dataset/motor-vehicle-collisions-crashes,Motor Vehicle Collisions - Crashes,"NOTE: This dataset is temporarily not updating while its automated update process is being fixed. This fix is expected to be completed during the month of August. The Motor Vehicle Collisions crash table contains details on the crash event. Each row represents a crash event. The Motor Vehicle Collisions data tables contain information from all police reported motor vehicle collisions in NYC. The police report (MV104-AN) is required to be filled out for collisions where someone is injured or killed, or where there is at least $1000 worth of damage (https://www.nhtsa.gov/sites/nhtsa.dot.gov/files/documents/ny_overlay_mv-104an_rev05_2004.pdf). It should be noted that the data is preliminary and subject to change when the MV-104AN forms are amended based on revised crash details.For the most accurate, up to date statistics on traffic fatalities, please refer to the NYPD Motor Vehicle Collisions page (updated weekly) or Vision Zero View (updated monthly). Due to success of the CompStat prog",data.cityofnewyork.us,2021-04-19,,,,https://data.cityofnewyork.us/api/v3/views/h9gi-nx95/query.json?accessType=DOWNLOAD,,0.642,0.133,0.319,0.479,,,,0.896,
https://catalog.data.gov/dataset/meteorite-landings,Meteorite Landings,"This comprehensive data set from The Meteoritical Society contains information on all of the known meteorite landings. The Fusion Table is collected by Javier de la Torre and we've also provided an XLS file that consists of 34,513 meteorites and includes the following fields: place type_of_meteorite mass_g fell_found year database coordinate_1 coordinates_2 cartodb_id created_at updated_at year_date longitude latitude geojson **5/14/13 Please find an updated data set from The Meteoritical Society that includes more recent meteorites. Under NameType, 'valid' is for most meteorites and 'relict' are for objects that were once meteorites but are now highly altered by weathering on Earth.",data.nasa.gov,2015-07-20,,,,https://data.nasa.gov/docs/legacy/meteorite_landings/Meteorite_Landings.json,,0.695,0.308,0.172,0.378,,,,0.793,
https://catalog.data.gov/dataset/nps-visitor-use-statistics-data-package-2025,"NPS Visitor Use Statistics Data Package, 2025","The NPS Social Science Program is responsible for coordinating visitor use statistics reporting for units administered by the NPS. ‘Visitor Use Statistics’ refers to a formal set of statistics collected by the National Park Service that address how many people visit parks and how long they stay. Program staff work with parks to develop appropriate data collection procedures and provide quality control for visitor use data. Such coordination ensures that visitor use data are consistent and reliable throughout all units of the National Park System. This data package contains data collected from 1979-2025. Detailed instructions for the units that collect data, monthly visitation summaries, and reports displaying trends in park visitation are available on the NPS Visitor Use Statistics website (https://irma.nps.gov/Stats/).",National Park Service,2026-03-26,,,https://creativecommons.org/publicdomain/zero/1.0/deed.en,https://irma.nps.gov/DataStore/DownloadFile/756961?Reference=2317666,,0.341,0.207,0.152,0.104,,,0.857,0.807,
https://catalog.data.gov/dataset/national-agriculture-imagery-program-naip-imagery,National Agriculture Imagery Program (NAIP) Imagery,"The National Agriculture Imagery Program (NAIP) is administered by the U.S. Department of Agriculture's Farm Production and Conservation Business Center (FPAC-BC) Geospatial Enterprise Operations (GEO) Branch. NAIP acquires aerial imagery for the contiguous United States (CONUS) during the agricultural growing season, or leaf-on conditions and may contain as much as 10 percent cloud cover per tile. The images are orthorectified which combines the image characteristics of an aerial photograph with the georeferenced qualities of a map. NAIP acquisition from 2002-2017 was at a ground sample distance (GSD) of 1 or 2-meter. In 2018, the ground sample distance standard changed to 0.6 meter with the option for 0.3 meter. The 2025 acquisition consists of approximately half of the states delivered at 60cm and the other half at 30cm ground sample distance. The repeat flying cycle has also changed to no more than a 3-year cycle (generally every other year for most states) from its 5-year cycle ba",Farm Production and Conservation Business Center,,,,https://www.usa.gov/publicdomain/label/1.0/,https://geodata.nal.usda.gov/geonetwork/srv/eng/catalog.search#/metadata/e2442795-2136-424f-afd1-291397b51c3d/formatters/xsl-view?root=div&view=advanced,,0.331,0.24,0.34,,,,0.852,0.307,
https://catalog.data.gov/dataset/tiger-line-shapefile-2022-nation-u-s-2020-census-5-digit-zip-code-tabulation-area-zcta5,"TIGER/Line Shapefile, 2022, Nation, U.S., 2020 Census 5-Digit ZIP Code Tabulation Area (ZCTA5)","The TIGER/Line shapefiles and related database files (.dbf) are an extract of selected geographic and cartographic information from the U.S. Census Bureau's Master Address File / Topologically Integrated Geographic Encoding and Referencing (MAF/TIGER) Database (MTDB). The MTDB represents a seamless national file with no overlaps or gaps between parts, however, each TIGER/Line shapefile is designed to stand alone as an independent data set, or they can be combined to cover the entire nation. ZIP Code Tabulation Areas (ZCTAs) are approximate area representations of U.S. Postal Service (USPS) ZIP Code service areas that the Census Bureau creates to present statistical data for each decennial census. The Census Bureau delineates ZCTA boundaries for the United States, Puerto Rico, American Samoa, Guam, the Commonwealth of the Northern Mariana Islands, and the U.S. Virgin Islands once each decade following the decennial census. Data users should not use ZCTAs to identify the official USPS ZI","U.S. Department of Commerce, U.S. Census Bureau, Geography Division, Spatial Data Collection and Products Branch",2022-01-01,,,https://creativecommons.org/publicdomain/zero/1.0/,https://www2.census.gov/geo/tiger/TIGER2022/ZCTA520/tl_2022_us_zcta520.zip,,0.162,0.294,0.709,0.533,,,0.855,0.8,
https://catalog.data.gov/dataset/fooddata-central,FoodData Central,"Several USDA food composition databases, including the Food and Nutrient Database for Dietary Studies (FNDDS), Standard Reference (SR) Legacy, and the USDA Branded Food Products Database, have transitioned to FoodData Central, a new and harmonized USDA food and nutrient data system. FoodData Central also includes expanded nutrient content information as well as links to diverse data sources that offer related agricultural, environmental, food, health, dietary supplement, and other information. The new system is designed to strengthen the capacity for rigorous research and policy applications through its search capabilities, downloadable datasets, and detailed documentation. Application developers can incorporate the information into their applications and web sites through the application programming interface (API) REST access. The constantly changing and expanding food supply is a challenge to those who are interested in using food and nutrient data. Including diverse types of data i",Agricultural Research Service,,,,https://www.usa.gov/publicdomain/label/1.0/,https://fdc.nal.usda.gov/index.html,,0.603,0.221,0.149,,,,0.852,0.851,
https://catalog.data.gov/dataset/national-death-index,National Death Index,"The National Death Index (NDI) is a centralized database of death record information on file in state vital statistics offices. Working with these state offices, the National Center for Health Statistics (NCHS) established the NDI as a resource to aid epidemiologists and other health and medical investigators with their mortality ascertainment activities. Assists investigators in determining whether persons in their studies have died and, if so, provide the names of the states in which those deaths occurred, the dates of death, and the corresponding death certificate numbers. Investigators can then make arrangements with the appropriate state offices to obtain copies of death certificates or specific statistical information such as manner of death or educational level. Cause of death codes may also be obtained using the NDI Plus service. Records from 1979 through 2011 are currently available and contain a standard set of identifying information on each death. Death records are added to","Centers for Disease Control and Prevention, Department of Health & Human Services",2015-02-22,,,https://opendatacommons.org/licenses/odbl/1.0/,,,0.466,0.454,0.254,0.372,,,0.813,,
https://catalog.data.gov/dataset/sba-7a-and-504-loan-data-reports,SBA 7(a) and 504 Loan Data Reports,SBA 7(a) and 504 loan data reports for loans approved since FY1991.,Small Business Administration,,,,http://www.usa.gov/publicdomain/label/1.0/,https://data.sba.gov/dataset/7-a-504-foia,,0.249,0.142,0.247,,,,0.859,0.653,
https://catalog.data.gov/dataset/graduation-results-for-cohorts-2012-to-2019-classes-of-2016-to-2023,Graduation results for Cohorts 2012 to 2019 (Classes of 2016 to 2023),"This report includes Graduation Outcomes as calculated by the New York State Education Department. The New York State calculation method was first adopted for the Cohort of 2001 (Class of 2005). The cohort consists of all students who first entered 9th grade in a given school year (e.g., the Cohort of 2006 entered 9th grade in the 2006-2007 school year). Graduates are defined as those students earning either a Local or Regents diploma.",data.cityofnewyork.us,2024-04-04,,,,https://data.cityofnewyork.us/api/v3/views/mjm3-8dw8/query.json?accessType=DOWNLOAD,,0.157,0.183,0.319,0.347,,,,0.903,
https://catalog.data.gov/dataset/motor-carrier-registrations-census-files,Motor Carrier Registrations - Census Files,"Registration information on interstate, intrastate non-hazmat, and intrastate truck and bus companies that operate in the United States and have registered with FMCSA. Contains contact information and demographic information (number of drivers, vehicles, commodities carried, etc).",Federal Motor Carrier Safety Administration,2011-12-15,,,https://project-open-data.cio.gov/unknown-license/,https://ai.fmcsa.dot.gov/SMS/Tools/Downloads.aspx,,0.541,0.199,0.163,0.389,,,0.598,0.834,
https://catalog.data.gov/dataset/electric-power-transmission-lines,Electric Power Transmission Lines,Homeland Infrastructure Foundation-Level Data (HIFLD) geospatial data sets containing information on Electric Power Transmission Lines.,HIFLD,,,,https://www.usa.gov/government-works,,,0.558,0.21,0.139,,,,0.0,,
https://catalog.data.gov/dataset/photovoltaic-data-acquisition-pvdaq-public-datasets,Photovoltaic Data Acquisition (PVDAQ) Public Datasets,"The NREL PVDAQ is a large-scale time-series database containing system metadata and performance data from a variety of experimental PV sites and commercial public PV sites. The datasets are used to perform on-going performance and degradation analysis. Some of the sets can exhibit common elements that effect PV performance (e.g. soiling). The dataset consists of a series of files devoted to each of the systems and an associated set of metadata information that explains details about the system hardware and the site geo-location. Some system datasets also include environmental sensors that cover irradiance, temperatures, wind speeds, and precipitation at the site.",NREL,2021-12-21,,,https://creativecommons.org/licenses/by/4.0/,https://data.openei.org/s3_viewer?bucket=oedi-data-lake&prefix=pvdaq,,0.645,0.494,0.656,0.471,,,0.86,0.746,
https://catalog.data.gov/dataset/household-debt-by-state-county-and-msa,"Household Debt by State, County, and MSA","The tables and interactive maps below allow users to explore the ratio of debt to income by state, metropolitan statistical area, and county for each year since 1999. Household debt is calculated from Federal Reserve Bank of New York (FRBNY) Consumer Credit Panel/Equifax Data, and household income is reported by the Bureau of Labor Statistics.",Board of Governors of the Federal Reserve System,,,,,,,0.664,0.221,0.197,,,,,,
https://catalog.data.gov/dataset/fruit-and-vegetable-prices,Fruit and Vegetable Prices,How much do fruits and vegetables cost? ERS estimated average prices for 153 commonly consumed fresh and processed fruits and vegetables.,"Economic Research Service, Department of Agriculture",2019-08-20,,,https://creativecommons.org/publicdomain/zero/1.0/,http://www.ers.usda.gov/data-products/fruit-and-vegetable-prices.aspx,,0.377,0.129,0.441,0.352,,,0.855,0.737,
https://catalog.data.gov/dataset/2017-18-student-enrollment-civil-rights-data-collection,2017-18 Student Enrollment Civil Rights Data Collection,"This set of Excel files contains data for all states on overall enrollment, enrollment of students served under IDEA, enrollment of students served under Section 504, and enrollment of students who are English language learners. For each category, there are three spreadsheets: total students, male students, and female students.",Office for Civil Rights (OCR),,,,http://www.opendefinition.org/licenses/cc-by,https://civilrightsdata.ed.gov/assets/downloads/2017-2018/Student-Enrollment/All-Enrollment/Enrollment-IDEA.xlsx,,0.659,0.166,0.336,,,,0.634,0.797,
https://catalog.data.gov/dataset/event-correlated-outage-dataset-in-america,Event-correlated Outage Dataset in America,"This dataset includes an aggregated and event-correlated analysis of power outages in the United States, synthesized by integrating three data sources: the Environment for the Analysis of Geo-Located Energy Information (EAGLE-I), the Electric Emergency Incident Disturbance Report (DOE-417), and Annual Estimates of the Resident Population for Counties 2024 (CO-EST2024-POP). The EAGLE-I dataset, spanning from 2014 to 2023, encompasses over 146 million customers and offers county-level outage information at 15-minute intervals. The data has been processed, filtered, and aggregated to deliver an enhanced perspective on power outages, which are then correlated with DOE-417 data based on geographic location as well as the start and end times of events. For each major disturbance documented in DOE-417, essential metrics are defined to quantify the outages associated with the event. This dataset supports researchers in examining outages triggered by major disturbances like extreme weather and ",Pacific Northwest National Laboratory,2024-10-01,,,https://creativecommons.org/licenses/by/4.0/,https://figshare.com/articles/dataset/The_Environment_for_Analysis_of_Geoocated_Energy_Information_s_Recorded_Electricity_Outages_2014-2022/24237376,,0.539,0.331,0.447,0.322,,,0.86,0.453,
https://catalog.data.gov/dataset/occupational-employment-and-wage-statistics-oes,Occupational Employment and Wage Statistics (OES),"The Occupational Employment and Wage Statistics (OES) program conducts a semi-annual survey to produce estimates of employment and wages for specific occupations. The OES program collects data on wage and salary workers in nonfarm establishments in order to produce employment and wage estimates for about 800 occupations. Data from self-employed persons are not collected and are not included in the estimates. The OES program produces these occupational estimates by geographic area and by industry. Estimates based on geographic areas are available at the National, State, Metropolitan, and Nonmetropolitan Area levels. The Bureau of Labor Statistics produces occupational employment and wage estimates for over 450 industry classifications at the national level. The industry classifications correspond to the sector, 3-, 4-, and 5-digit North American Industry Classification System (NAICS) industrial groups. More information and details about the data provided can be found at http://www.bls.g",Bureau of Labor Statistics,2019-03-29,,,https://creativecommons.org/publicdomain/zero/1.0/,http://www.bls.gov/oes/data.htm,,0.468,0.315,0.095,0.296,,,0.855,0.553,
https://catalog.data.gov/dataset/civil-rights-data-collection-crdc,Civil Rights Data Collection (CRDC),"Since 1968, OCR has collected civil rights data related to students' access and barriers to educational opportunity from early childhood through grade 12. These data are collected from all public schools and districts, as well as long-term secure juvenile justice facilities, charter schools, alternative schools, and special education schools that focus primarily on serving the educational needs of students with disabilities under IDEA or section 504 of the Rehabilitation Act. The CRDC collects information about student enrollment; access to courses, programs and school staff; and school climate factors, such as bullying, harassment and student discipline. Most data collected by the CRDC are disaggregated by race, ethnicity, sex, disability, and English Learners. Originally known as the Elementary and Secondary School Civil Rights Survey, OCR began by collecting data every year from 1968 to 1974 from a sample of school districts and their schools. Over time, the schedule and approach to",Office for Civil Rights (OCR),,,,http://www.opendefinition.org/licenses/cc-by,https://civilrightsdata.ed.gov/data,,0.68,0.444,0.336,,,,0.634,0.525,
https://catalog.data.gov/dataset/tiger-line-shapefile-current-nation-u-s-state-and-equivalent-entities,"TIGER/Line Shapefile, Current, Nation, U.S., State and Equivalent Entities","This resource is a member of a series. The TIGER/Line shapefiles and related database files (.dbf) are an extract of selected geographic and cartographic information from the U.S. Census Bureau's Master Address File / Topologically Integrated Geographic Encoding and Referencing (MAF/TIGER) System (MTS). The MTS represents a seamless national file with no overlaps or gaps between parts, however, each TIGER/Line shapefile is designed to stand alone as an independent data set, or they can be combined to cover the entire nation. States and equivalent entities are the primary governmental divisions of the United States. In addition to the fifty states, the Census Bureau treats the District of Columbia, Puerto Rico, and each of the Island Areas (American Samoa, the Commonwealth of the Northern Mariana Islands, Guam, and the U.S. Virgin Islands) as the statistical equivalents of states for the purpose of data presentation.","U.S. Department of Commerce, U.S. Census Bureau, Geography Division",2025-01-01,,,https://creativecommons.org/publicdomain/zero/1.0/,https://www2.census.gov/geo/tiger/TIGER2025/STATE/tl_2025_us_state.zip,,0.426,0.228,0.417,0.456,,,0.855,0.776,
https://catalog.data.gov/dataset/form-n-port-data-sets,Form N-PORT Data Sets,"Form N-PORT is to be used by a registered management investment company, or an exchange-traded fund organized as a unit investment trust, or series thereof (“Fund”), other than a Fund that is regulated as a money market fund (“money market fund”) under rule 2a-7 under the Investment Company Act of 1940 [15 U.S.C. 80a] (“Act”) (17 CFR 270.2a-7) or a small business investment company (“SBIC”) registered on Form N-5 (17 CFR 239.24 and 274.5), to file reports of monthly portfolio holdings pursuant to rule 30b1-9 under the Act (17 CFR 270.30b1-9).",Economic and Risk Analysis,,,,http://www.usa.gov/publicdomain/label/1.0/,https://dcm.sec.gov/files/dera/data/form-n-port-data-sets/2019q4_nport.zip,,0.465,0.227,0.217,,,,0.859,0.803,
https://catalog.data.gov/dataset/college-scorecard,College Scorecard,"Download the data that appears on the College Scorecard, as well as supporting data on student completion, debt and repayment, earnings, and more. Last updated on 4-19-2023.","Office of Planning, Evaluation and Policy Development (OPEPD)",,,,http://www.opendefinition.org/licenses/cc-by,https://data.ed.gov/dataset/9dc70e6b-8426-4d71-b9d5-70ce6094a3f4/resource/ff68afc4-6d23-459d-9f60-4006e4f85583/download/most-recent-cohorts-field-of-study_04172025.zip,,0.695,0.172,0.25,,,,0.634,0.873,
https://catalog.data.gov/dataset/state-export-data,State Export Data,"Although a State's actual agricultural export value cannot be measured directly, ERS maintains estimates of State shares of U.S. exports for total and selected individual commodities based on U.S. farm cash-receipts data. The estimates are for calendar years, with annual estimates available for 2000-2011. ERS has discontinued updates of an alternative fiscal-year (October to September) series of State export estimates based on State and commodity shares of production, but continues to provide the historical estimates based on that methodology.","Economic Research Service, Department of Agriculture",2020-02-28,,,https://creativecommons.org/publicdomain/zero/1.0/,http://www.ers.usda.gov/data-products/state-export-data.aspx,,0.625,0.171,0.441,0.422,,,0.855,0.791,
https://catalog.data.gov/dataset/fsis-foodkeeper-data,FSIS - FoodKeeper Data,"FSIS’ FoodKeeper application educates users about food and beverages storage to help them maximize the freshness and quality of these items. By helping users understand food storage, the application empowers consumers to choose storage methods that extend the shelf life of their items. By doing so users will be able to keep items fresh longer than if they were not stored properly.",Food Safety and Inspection Service,2020-11-10,,,https://creativecommons.org/publicdomain/zero/1.0/,http://www.fsis.usda.gov/shared/data/EN/FoodKeeper-Data.xls,,0.459,0.213,0.133,0.538,,,0.855,0.826,
https://catalog.data.gov/dataset/tiger-line-shapefile-2023-nation-u-s-primary-roads,"TIGER/Line Shapefile, 2023, Nation, U.S., Primary Roads","The TIGER/Line shapefiles and related database files (.dbf) are an extract of selected geographic and cartographic information from the U.S. Census Bureau's Master Address File / Topologically Integrated Geographic Encoding and Referencing (MAF/TIGER) Database (MTDB). The MTDB represents a seamless national filewith no overlaps or gaps between parts, however, each TIGER/Line shapefile is designed to stand alone as an independentdata set, or they can be combined to cover the entire nation. Primary roads are generally divided, limited-access highways within the interstate highway system or under State management, and are distinguished by the presence of interchanges. These highways are accessible by ramps and may include sometoll highways. The MAF/TIGER Feature Classification Code (MTFCC) is S1100 for primary roads.","U.S. Department of Commerce, U.S. Census Bureau, Geography Division, Geospatial Products Branch",2023-01-01,,,https://creativecommons.org/publicdomain/zero/1.0/,https://www2.census.gov/geo/tiger/TIGER2023/PRIMARYROADS/tl_2023_us_primaryroads.zip,,0.282,0.305,0.682,0.642,,,0.855,0.746,
https://catalog.data.gov/dataset/va-national-formulary,VA National Formulary,"The VA National Formulary is a listing of products (drugs and supplies) that must be available for prescription at all VA facilities, and cannot be made non-formulary by a Veteran Integrated Service Network (VISN) or individual medical center. Regarding chemical or biological entities that by law must be submitted to the United States (U.S.) Food and Drug Administration (FDA) for pre-marketing approval, only those entities that actually have been approved by FDA using New Drug Application (NDA), Abbreviated New Drug Application (ANDA), or biologics license, may be added to the VA National Formulary.",Department of Veterans Affairs,2019-09-12,,,https://creativecommons.org/publicdomain/zero/1.0/,https://www.pbm.va.gov/nationalformulary.asp,,0.43,0.155,0.145,0.317,,,0.855,0.642,
https://catalog.data.gov/dataset/global-landslide-catalog-export,Global Landslide Catalog Export,"The Global Landslide Catalog (GLC) was developed with the goal of identifying rainfall-triggered landslide events around the world, regardless of size, impacts or location. The GLC considers all types of mass movements triggered by rainfall, which have been reported in the media, disaster databases, scientific reports, or other sources. The GLC has been compiled since 2007 at NASA Goddard Space Flight Center. This is a unique data set with the ID tag “GLC” in the landslide editor. This dataset on data.nasa.gov was a one-time export from the Global Landslide Catalog maintained separately. It is current as of March 7, 2016. The original catalog is available here: http://www.arcgis.com/home/webmap/viewer.html?url=https%3A%2F%2Fmaps.nccs.nasa.gov%2Fserver%2Frest%2Fservices%2Fglobal_landslide_catalog%2Fglc_viewer_service%2FFeatureServer&source=sd. To export GLC data, you must agree to the “Terms and Conditions”. We request that anyone using the GLC cite the two sources of this database: Kir",National Aeronautics and Space Administration,2018-04-02,,,,https://data.nasa.gov/docs/legacy/Global_Landslide_Catalog_Export/Global_Landslide_Catalog_Export_rows.csv,,0.522,0.284,0.127,0.52,,,,0.809,
https://catalog.data.gov/dataset/visitor-spending-effects-data-package-2024,"Visitor Spending Effects Data Package, 2024","The National Park Service (NPS) manages the Nation’s most iconic destinations that attract millions of visitors from across the Nation and around the world. Trip-related spending by NPS visitors generates and supports economic activity within park gateway communities. This data package contains the visitor spending and trip characteristics data used in the 2024 annual economic contribution analysis that measures how NPS visitor spending cycles through local economies, generates business sales, and supports jobs and income. Users can explore current year visitor spending, jobs, labor income, value added, and economic output effects by sector for national, state, and local economies. Spending Effects report series are also available online via an interactive tool. The interactive tool is available at https://www.nps.gov/subjects/socialscience/vse.htm.",National Park Service,2026-01-14,,,https://creativecommons.org/publicdomain/zero/1.0/deed.en,https://irma.nps.gov/DataStore/DownloadFile/753799?Reference=2316680,,0.467,0.208,0.152,0.15,,,0.857,0.812,
https://catalog.data.gov/dataset/crimes-2001-to-present,Crimes - 2001 to Present,"This dataset reflects reported incidents of crime (with the exception of murders where data exists for each victim) that occurred in the City of Chicago from 2001 to present, minus the most recent seven days. Data is extracted from the Chicago Police Department's CLEAR (Citizen Law Enforcement Analysis and Reporting) system. In order to protect the privacy of crime victims, addresses are shown at the block level only and specific locations are not identified. Should you have questions about this dataset, you may contact the Data Fulfillment and Analysis Division of the Chicago Police Department at DFA@ChicagoPolice.org. Disclaimer: These crimes may be based upon preliminary information supplied to the Police Department by the reporting parties that have not been verified. The preliminary crime classifications may be changed at a later date based upon additional investigation and there is always the possibility of mechanical or human error. Therefore, the Chicago Police Department does ",data.cityofchicago.org,2023-09-15,,,,https://data.cityofchicago.org/api/v3/views/ijzp-q8t2/query.json?accessType=DOWNLOAD,,0.628,0.318,0.78,0.2,,,,0.916,
https://catalog.data.gov/dataset/provisional-covid-19-death-counts-and-rates-by-month-jurisdiction-of-residence-and-demogra,"Provisional COVID-19 death counts and rates by month, jurisdiction of residence, and demographic characteristics","This file contains COVID-19 death counts and rates by month and year of death, jurisdiction of residence (U.S., HHS Region) and demographic characteristics (sex, age, race and Hispanic origin, and age/race and Hispanic origin). United States death counts and rates include the 50 states, plus the District of Columbia. Deaths with confirmed or presumed COVID-19, coded to ICD–10 code U07.1. Number of deaths reported in this file are the total number of COVID-19 deaths received and coded as of the date of analysis and may not represent all deaths that occurred in that period. Counts of deaths occurring before or after the reporting period are not included in the file. Data during recent periods are incomplete because of the lag in time between when the death occurred and when the death certificate is completed, submitted to NCHS and processed for reporting purposes. This delay can range from 1 week to 8 weeks or more, depending on the jurisdiction and cause of death. Death counts should no",Centers for Disease Control and Prevention,2023-12-14,,,https://www.usa.gov/government-works,https://data.cdc.gov/api/v3/views/yrur-wghw/export.csv?accessType=DOWNLOAD,,0.317,0.306,0.184,0.207,,,0.0,0.911,
https://catalog.data.gov/dataset/2024-annual-technology-baseline-atb-cost-and-performance-data-for-electricity-generation-t,2024 Annual Technology Baseline (ATB) Cost and Performance Data for Electricity Generation Technologies,"These data provide the 2024 update of the Electricity Annual Technology Baseline (ATB). Starting in 2015 NREL has presented the ATB, consisting of detailed cost and performance data, both current and projected, for electricity generation and storage technologies. The ATB products now include data (Excel workbook, Tableau workbooks, and structured summary csv files), as well as documentation and user engagement via a website, presentation, and webinar. Starting in 2021, the data are cloud optimized and provided in the OEDI data lake. The data for 2015 - 2020 are can be found on the NREL Data Search Page. The website documentation can be found on the ATB Website.",National Renewable Energy Laboratory (NREL),2024-06-24,,,https://creativecommons.org/licenses/by/4.0/,https://atb.nrel.gov/,,0.282,0.172,0.763,0.212,,,0.86,0.646,
https://catalog.data.gov/dataset/nchs-leading-causes-of-death-united-states,NCHS - Leading Causes of Death: United States,"This dataset presents the age-adjusted death rates for the 10 leading causes of death in the United States beginning in 1999. Data are based on information from all resident death certificates filed in the 50 states and the District of Columbia using demographic and medical characteristics. Age-adjusted death rates (per 100,000 population) are based on the 2000 U.S. standard population. Populations used for computing death rates after 2010 are postcensal estimates based on the 2010 census, estimated as of July 1, 2010. Rates for census years are based on populations enumerated in the corresponding censuses. Rates for non-census years before 2010 are revised using updated intercensal population estimates and may differ from rates previously published. Causes of death classified by the International Classification of Diseases, Tenth Revision (ICD–10) are ranked according to the number of deaths assigned to rankable causes. Cause of death statistics are based on the underlying cause of de",Centers for Disease Control and Prevention,2015-12-02,,,https://www.usa.gov/government-works,https://data.cdc.gov/api/v3/views/bi63-dtpu/export.csv?accessType=DOWNLOAD,,0.236,0.263,0.184,0.456,,,0.0,0.909,
https://catalog.data.gov/dataset/soil-survey-geographic-database-ssurgo,Soil Survey Geographic Database (SSURGO),"This dataset is a digital soil survey and generally is the most detailed level of soil geographic data developed by the National Cooperative Soil Survey. The information was prepared by digitizing maps, by compiling information onto a planimetric correct base and digitizing, or by revising digitized maps using remotely sensed and other information. This dataset consists of georeferenced digital map data and computerized attribute data. The map data are in a soil survey area extent format and include a detailed, field verified inventory of soils and miscellaneous areas that normally occur in a repeatable pattern on the landscape and that can be cartographically shown at the scale mapped. A special soil features layer (point and line features) is optional. This layer displays the location of features too small to delineate at the mapping scale, but they are large enough and contrasting enough to significantly influence use and management. The soil map units are linked to attributes in th",Natural Resources Conservation Service,2025-10-01,,,https://www.usa.gov/publicdomain/label/1.0/,https://nrcs.app.box.com/v/soils/folder/17971946225,,0.487,0.626,0.223,0.195,,,0.852,0.605,
https://catalog.data.gov/dataset/national-database-for-autism-research-ndar,National Database for Autism Research (NDAR),"National Database for Autism Research (NDAR) is an extensible, scalable informatics platform for autism spectrum disorder-relevant data at all levels of biological and behavioral organization (molecules, genes, neural tissue, behavioral, social and environmental interactions) and for all data types (text, numeric, image, time series, etc.). NDAR was developed to share data across the entire ASD field and to facilitate collaboration across laboratories, as well as interconnectivity with other informatics platforms. NDAR Homepage: http://ndar.nih.gov/",National Institutes of Health (NIH),2016-07-17,,,https://opendatacommons.org/licenses/odbl/1.0/,,,0.479,0.487,0.651,0.392,,,0.813,,
https://catalog.data.gov/dataset/dynamic-small-business-search-dsbs,Dynamic Small Business Search (DSBS),"The Small Business Administration maintains the Dynamic Small Business Search (DSBS) database. As a small business registers in the System for Award Management, there is an opportunity to fill out the small business profile. The information provided populates DSBS. DSBS is another tool contracting officers use to identify potential small business contractors for upcoming contracting opportunities. Small businesses can also use DSBS to identify other small businesses for teaming and joint venturing.",Small Business Administration,,,,http://www.usa.gov/publicdomain/label/1.0/,https://dsbs.sba.gov/search/dsp_dsbs.cfm,,0.349,0.24,0.247,,,,0.859,0.65,
https://catalog.data.gov/dataset/18-excel-spreadsheets-by-species-and-year-giving-reproduction-and-growth-data-one-excel-sp,18 excel spreadsheets by species and year giving reproduction and growth data. One excel spreadsheet of herbicide treatment chemistry.,"Excel spreadsheets by species (4 letter code is abbreviation for genus and species used in study, year 2010 or 2011 is year data collected, SH indicates data for Science Hub, date is date of file preparation). The data in a file are described in a read me file which is the first worksheet in each file. Each row in a species spreadsheet is for one plot (plant). The data themselves are in the data worksheet. One file includes a read me description of the column in the date set for chemical analysis. In this file one row is an herbicide treatment and sample for chemical analysis (if taken). This dataset is associated with the following publication: Olszyk , D., T. Pfleeger, T. Shiroyama, M. Blakely-Smith, E. Lee , and M. Plocher. Plant reproduction is altered by simulated herbicide drift toconstructed plant communities. ENVIRONMENTAL TOXICOLOGY AND CHEMISTRY. Society of Environmental Toxicology and Chemistry, Pensacola, FL, USA, 36(10): 2799-2813, (2017).",U.S. EPA Office of Research and Development (ORD),,,,https://pasteur.epa.gov/license/sciencehub-license.html,https://pasteur.epa.gov/uploads/10.23719/1390141/CALE%202010%20SH%20042417.xls,,0.199,0.17,0.306,,,,0.241,0.816,
https://catalog.data.gov/dataset/foreign-per-diem-rates-by-location,Foreign Per Diem Rates by Location,"Foreign Per Diem rates are established monthly by the Office of Allowances as maximum U.S. dollar rates for reimbursement of U.S. Government civilians traveling on official business in foreign areas. Lodging and M&IE (Meals & Incidental Expenses) are reported separately followed by a combined daily rate. For regulations pertaining to these rates, see the Federal Travel Regulation (FTR) established by the General Services Administration and implementing regulations established by Federal Agencies.",U.S. Department of State,,,,,http://aoprals.state.gov/content.asp?content_id=233&menu_id=78,,0.326,0.165,0.112,,,,,0.749,
https://catalog.data.gov/dataset/ffiec-call-reports,FFIEC Call Reports,"FFIEC Call Reports are quarterly financial reports that U.S. commercial banks, national banks, and other insured banks must file with their primary federal regulators. These reports provide regulators with the bank's balance sheet, income statement, and other detailed financial data to monitor the condition, performance, and risk of individual institutions and the industry as a whole. The data collected includes assets, liabilities, capital, and income and expenses.",Federal Deposit Insurance Corporation,,,,null,https://cdr.ffiec.gov/public/PWS/DownloadBulkData.aspx,,0.527,0.229,0.12,,,,0.91,0.844,
https://catalog.data.gov/dataset/uniform-crime-reporting-ucr-program,Uniform Crime Reporting (UCR) Program,"Federal Bureau of Investigation, Department of Justice - Extraction of crime related data from the FBI's Uniform Crime Reporting (UCR) Program",Federal Bureau of Investigation,2017-02-27,,,http://www.usa.gov/publicdomain/label/1.0/,https://cde.ucr.cjis.gov/LATEST/webapp/#/pages/docApi,,0.45,0.194,0.11,0.494,,,0.859,0.455,
https://catalog.data.gov/dataset/supply-chain-greenhouse-gas-emission-factors-for-us-industries-and-commodities,Supply Chain Greenhouse Gas Emission Factors for US Industries and Commodities,"Many organizations quantify greenhouse emissions in their value chain. Emissions from purchased goods and services and capital goods, referred to as Scope 3 emissions in the Greenhouse Gas Protocol Scope 3 Accounting and Reporting Standard, represent a significant emissions source for many organizations. To assist in quantifying these emissions, we have developed a comprehensive set of supply chain emission factors covering all categories of goods and services in the US economy. These factors are intended for quantifying emissions from purchased goods and services using the spend-based method defined in the Greenhouse Gas Protocol Technical Guidance for Calculating Scope 3 Emissions. The factors were prepared using USEEIO models, which are a life cycle models of goods and services in the US economy. The supply chain emission factors are presented in units of kilogram emissions per US dollar of purchases for a category of goods and services with a defined life cycle scope. Sets of facto",U.S. EPA Office of Research and Development (ORD),,,,https://pasteur.epa.gov/license/sciencehub-license.html,https://pasteur.epa.gov/uploads/10.23719/1517796/SupplyChainEmissionFactorsforUSIndustriesCommodities.xlsx,,0.702,0.285,0.306,,,,0.241,0.773,
https://catalog.data.gov/dataset/311-service-requests-from-2010-to-present,311 Service Requests from 2020 to Present,"NOTE: Learn more about the latest changes to this dataset: https://opendata.cityofnewyork.us/311-service-requests-from-2010-to-present-updates/ 311 responds to thousands of inquiries, comments and requests from customers every single day. This dataset represents only service requests that can be directed to specific agencies. This dataset is updated daily and expected values for many fields will change over time. The lists of expected values associated with each column are not exhaustive. Each row of data contains information about the service request, including complaint type, responding agency, and geographic location. However the data does not reveal any personally identifying information about the customer who made the request. For data from 2010-2019 see: https://data.cityofnewyork.us/Social-Services/311-Service-Requests-from-2010-to-2019/76ig-c548/about_data",data.cityofnewyork.us,2025-12-23,,,,https://data.cityofnewyork.us/api/v3/views/erm2-nwe9/query.json?accessType=DOWNLOAD,,0.437,0.148,0.319,0.15,,,,0.893,
https://catalog.data.gov/dataset/recalls-data,Recalls Data,"About the Data: The dataset includes recall information related to specific NHTSA campaigns. Users can filter based on characteristics like manufacturer and component. The dataset can also be filtered by recall type: tires, vehicles, car seats, and equipment. The earliest campaign data is from 1966. The dataset displays the completion rate from the latest Recall Quarterly Report or Annual Report data from Year 2015 Quarter 1 (2015-1) onward. Data Reporting Requirement: Manufacturers who determine that a product or piece of original equipment either contains a safety defect or is not in compliance with Federal safety standards are required to notify NHTSA within 5 business days. NHTSA requires that manufacturers file a Defect and Noncompliance Report in compliance with Federal Regulation 49 (the National Traffic and Motor Safety Act) Part 573, which identifies the requirements for safety recalls. This information is stored in the NHTSA database referenced above. Notes: The default visua",National Highway Traffic Safety Administration,2023-02-28,,,https://www.usa.gov/government-works,https://data.transportation.gov/api/v3/views/6axg-epim/query.json?accessType=DOWNLOAD,,0.461,0.341,0.14,0.233,,,0.0,0.915,
https://catalog.data.gov/dataset/civil-rights-data-collection-crdc-for-the-2015-16-school-year,Civil Rights Data Collection (CRDC) for the 2015-16 school year,"The Civil Rights Data Collection, 2015-16 (CRDC 2015-16) is part of the Civil Rights Data Collection (CRDC) program; program data are available beginning with the 2000 collection at https://civilrightsdata.ed.gov/data. CRDC 2015-16 is a cross-sectional survey that collects data on key education and civil rights issues in the nation's public schools, which include student enrollment and educational programs and services, disaggregated by race/ethnicity, sex, limited English proficiency, and disability. LEAs submit administrative records about schools in the district. CRDC 2015-16 is a universe survey. Key statistics produced from CRDC 2015-16 can provide information about critical civil rights issues as well as contextual information on the state of civil rights in the nation, including enrollment demographics, advanced placement, school discipline, and special education services.",Office for Civil Rights (OCR),,,,http://www.opendefinition.org/licenses/cc-by,https://civilrightsdata.ed.gov/assets/ocr/docs/2015-16-crdc-data.zip,,0.328,0.287,0.336,,,,0.634,0.797,
https://catalog.data.gov/dataset/va-drug-pricing-database,VA Drug Pricing Database,"The VA Drug Pricing database contains the current prices for pharmaceuticals purchased by the federal government. These listed prices are based on the Federal Supply Schedule (FSS). This database is mandated by Public Law 102-585, the Veterans Health Care Act of 1992, which sets the maximum amount that a drug may be bought for by the Veterans Health Administration (VHA). The source of this information is contained in printed contracts or data files supplied by the drug manufacturers, representing the pricing agreements between VHA and the manufacturers. Price data is input by the National Acquisition Center (NAC) into the database administered by the Pharmacy Benefits Management Strategic Health Care Group. Information from this database is published on the World Wide Web at the following site: http://www.pbm.va.gov. The users of this database include pharmaceutical manufacturers, drug wholesalers, Office of Inspector General (OIG) and those who purchase pharmaceuticals for the VHA and",Department of Veterans Affairs,2019-09-12,,,https://creativecommons.org/publicdomain/zero/1.0/,,,0.659,0.215,0.145,0.317,,,0.855,,
https://catalog.data.gov/dataset/li-ion-battery-aging-datasets,Li-ion Battery Aging Datasets,"This data set has been collected from a custom built battery prognostics testbed at the NASA Ames Prognostics Center of Excellence (PCoE). Li-ion batteries were run through 3 different operational profiles (charge, discharge and Electrochemical Impedance Spectroscopy) at different temperatures. Discharges were carried out at different current load levels until the battery voltage fell to preset voltage thresholds. Some of these thresholds were lower than that recommended by the OEM (2.7 V) in order to induce deep discharge aging effects. Repeated charge and discharge cycles result in accelerated aging of the batteries. The experiments were stopped when the batteries reached the end-of-life (EOL) criteria of 30% fade in rated capacity (from 2 Ah to 1.4 Ah). **Data Acquisition:** The testbed comprises: * Commercially available Li-ion 18650 sized rechargeable batteries, * Programmable 4-channel DC electronic load, * Programmable 4-channel DC power supply, * Voltmeter, ammeter and thermoco",Dashlink,2010-09-13,,,,,,0.593,0.332,0.421,0.326,,,,,
https://catalog.data.gov/dataset/wage-and-hour-division-compliance-action-data,Wage and Hour Division Compliance Action Data,"The dataset contains all concluded WHD compliance actions since FY 2005. The dataset includes whether any violations were found and the back wage amount, number of employees due back wages, and civil money penalties assessed. More information and details about the data provided can be found at http://www.dol.gov/whd/",WHD,2025-07-09,,,http://www.usa.gov/publicdomain/label/1.0/,,,0.493,0.209,0.056,0.153,,,0.859,,
https://catalog.data.gov/dataset/tax-exempt-organization-search,Tax Exempt Organization Search,"The IRS Tax Exempt Organization Search tool allows users to find information about an organization's tax-exempt status under the Internal Revenue Code and its tax filings. This includes checking eligibility for tax-deductible contributions (Pub. 78 Data), Form 990 Series Returns, Form 990-N (e-Postcard), Automatic Revocation of Exemption List, and copies of Determination Letters. You can use the online search tool or download data sets in bulk.",IRS,2024-07-17,,,,https://www.irs.gov/charities-non-profits/tax-exempt-organization-search,,0.611,0.243,0.1,0.315,,,,0.67,
https://catalog.data.gov/dataset/u-s-general-soil-map-statsgo2,U.S. General Soil Map (STATSGO2),"This dataset consists of general soil association units. It was developed by the National Cooperative Soil Survey and supersedes the State Soil Geographic (STATSGO) dataset published in 1994. It consists of a broad based inventory of soils and non-soil areas that occur in a repeatable pattern on the landscape and that can be cartographically shown at the scale mapped of 1:250,000 in the continental U.S., Hawaii, Puerto, and the Virgin Islands and 1:1,000,000 in Alaska. The dataset was created by generalizing more detailed soil survey maps. Where more detailed soil survey maps were not available, data on geology, topography, vegetation, and climate were assembled, together with Land Remote Sensing Satellite (LANDSAT) images. Soils of like areas were studied, and the probable classification and extent of the soils were determined. Map unit composition was determined by transecting or sampling areas on the more detailed maps and expanding the data statistically to characterize the entire ",Natural Resources Conservation Service,2016-10-13,,,https://www.usa.gov/publicdomain/label/1.0/,https://nrcs.app.box.com/v/soils,,0.365,0.47,0.223,0.433,,,0.852,0.645,
https://catalog.data.gov/dataset/tiger-line-shapefile-current-nation-u-s-county-and-equivalent-entities,"TIGER/Line Shapefile, Current, Nation, U.S., County and Equivalent Entities","This resource is a member of a series. The TIGER/Line shapefiles and related database files (.dbf) are an extract of selected geographic and cartographic information from the U.S. Census Bureau's Master Address File / Topologically Integrated Geographic Encoding and Referencing (MAF/TIGER) System (MTS). The MTS represents a seamless national file with no overlaps or gaps between parts, however, each TIGER/Line shapefile is designed to stand alone as an independent data set, or they can be combined to cover the entire nation. The primary legal divisions of most states are termed counties. In Louisiana, these divisions are known as parishes. In Alaska, which has no counties, the equivalent entities are the organized boroughs, city and boroughs, municipalities, and for the unorganized area, census areas. The latter are delineated cooperatively for statistical purposes by the state of Alaska and the Census Bureau. In four states (Maryland, Missouri, Nevada, and Virginia), there are one or ","U.S. Department of Commerce, U.S. Census Bureau, Geography Division",2025-01-01,,,https://creativecommons.org/publicdomain/zero/1.0/,https://www2.census.gov/geo/tiger/TIGER2025/COUNTY/tl_2025_us_county.zip,,0.407,0.228,0.417,0.456,,,0.855,0.779,
https://catalog.data.gov/dataset/wind-turbine-gearbox-condition-monitoring-vibration-analysis-benchmarking-datasets,Wind Turbine Gearbox Condition Monitoring Vibration Analysis Benchmarking Datasets,"Wind turbine condition monitoring (CM) can potentially help the wind industry reduce turbine downtime and operation and maintenance (O&M) cost. NREL CM research has investigated various condition-monitoring techniques such as acoustic emission (AE specifically stress wave), vibration, electrical signature, lubricant and debris monitoring based on the Gearbox Reliability Collaborative dynamometer and field tests, and other test turbines and resources accessible by NREL. During the past several years, NREL CM research has shown that there are very few validation and verification efforts on commercial wind turbine CM systems. One of the reasons might be limited benchmarking datasets accessible by stakeholders. To fill this gap, NREL executed a data collection effort. The targeted users of these datasets include those investigating vibration-based wind turbine CM research, evaluating commercially available vibration-based CM systems, or testing prototyped vibration-based CM systems. NREL c",National Renewable Energy Laboratory,2014-03-28,,,https://creativecommons.org/licenses/by/4.0/,https://www.nrel.gov/wind/,,0.485,0.381,0.353,0.461,,,0.86,0.272,
https://catalog.data.gov/dataset/harmonized-tariff-schedule-of-the-united-states-2024,Harmonized Tariff Schedule of the United States (2024),"This dataset is the current 2024 Harmonized Tariff Schedule plus all revisions for the current year. It provides the applicable tariff rates and statistical categories for all merchandise imported into the United States; it is based on the international Harmonized System, the global system of nomenclature that is used to describe most world trade in goods.",Office of Tariff Affairs and Trade Agreements,2015-07-01,,,http://www.usa.gov/publicdomain/label/1.0/,https://www.usitc.gov/documents/hts/hts_external_user_guide.pdf#page=22,,0.364,0.244,0.362,0.446,,,0.859,0.665,
https://catalog.data.gov/dataset/workforce-information-cubes-for-nasa,Workforce Information Cubes for NASA,"Workforce Information Cubes for NASA, sourced from NASA's personnel/payroll system, gives data about who is working where and on what. Includes records for every civil service employee in NASA, snapshots of workforce composition as of certain dates, and data on personnel transactions, such as hires, losses and promotions. Updates occur every 2 weeks.",National Aeronautics and Space Administration,2018-06-25,,,,,,0.409,0.199,0.127,0.545,,,,,
https://catalog.data.gov/dataset/zip-code-population-weighted-centroids,ZIP Code Population Weighted Centroids,"This dataset denotes ZIP Code centroid locations weighted by population. Population weighted centroids are a common tool for spatial analysis, particularly when more granular data is unavailable or researchers lack sophisticated geocoding tools. The ZIP Code Population Weighted Centroids allows researchers and analysts to estimate the center of population in a given geography rather than the geometric center.",U.S. Department of Housing and Urban Development,2020-12-31,,,,https://hudgis-hud.opendata.arcgis.com/datasets/d032efff520b4bf0aa620a54a477c70e/about,,0.192,0.203,0.308,0.309,,,,0.823,
https://catalog.data.gov/dataset/usda-rural-development-resale-properties-foreclosure,USDA Rural Development Resale Properties - Foreclosure,Data provides current information regarding single family homes and ranches for sale by the U.S. Federal Government. These previously owned properties are for sale by public auction or other method depending on the property.,"Rural Development, Department of Agriculture",,,,https://creativecommons.org/publicdomain/zero/1.0/,https://www.sc.egov.usda.gov/data/files/Property/FSASFHFOREData9-7-18.txt,,0.565,0.363,0.267,,,,0.855,0.804,
https://catalog.data.gov/dataset/national-student-loan-data-system,National Student Loan Data System,"The National Student Loan Data System (NSLDS) is the national database of information about loans and grants awarded to students under Title IV of the Higher Education Act (HEA) of 1965. NSLDS provides a centralized, integrated view of Title IV loans and grants during their complete life cycle, from aid approval through disbursement, repayment, deferment, delinquency, and closure.",Office of Federal Student Aid (FSA),,,,http://www.opendefinition.org/licenses/cc-zero,https://studentaid.gov/sites/default/files/FL_Dashboard_AY2009_2010_Q1.xls,,0.702,0.382,0.168,,,,0.591,0.843,
https://catalog.data.gov/dataset/auto-sales,Auto Sales,"Autos include all passenger cars, including station wagons. The U.S. Bureau of Economic Analysis releases auto and truck sales data, which are used in the preparation of estimates of personal consumption expenditures.",Bureau of Transportation Statistics,2025-01-02,,,http://www.usa.gov/publicdomain/label/1.0/,,,0.656,0.099,0.112,0.196,,,0.859,,
https://catalog.data.gov/dataset/medicare-physician-other-practitioners-by-provider-and-service,Medicare Physician & Other Practitioners - by Provider and Service,"The Medicare Physician & Other Practitioners by Provider and Service dataset provides information on use, payments, and submitted charges organized by National Provider Identifier (NPI), Healthcare Common Procedure Coding System (HCPCS) code, and place of service.",Centers for Medicare & Medicaid Services,2026-07-10,,,https://www.usa.gov/government-works,https://data.cms.gov/data-api/v1/dataset/92396110-2aed-4d63-a6a2-5d6207d46a29/data,,0.571,0.456,0.108,0.117,,,0.0,0.79,
https://catalog.data.gov/dataset/1-meter-digital-elevation-models-dems-usgs-national-map-3dep-downloadable-data-collection,1 meter Digital Elevation Models (DEMs) - USGS National Map 3DEP Downloadable Data Collection,"This is a tiled collection of the 3D Elevation Program (3DEP) and is one meter resolution. The 3DEP data holdings serve as the elevation layer of The National Map, and provide foundational elevation information for earth science studies and mapping applications in the United States. Scientists and resource managers use 3DEP data for hydrologic modeling, resource monitoring, mapping and visualization, and many other applications. The elevations in this DEM represent the topographic bare-earth surface. USGS standard one-meter DEMs are produced exclusively from high resolution light detection and ranging (lidar) source data of one-meter or higher resolution. One-meter DEM surfaces are seamless within collection projects, but, not necessarily seamless across projects. The spatial reference used for tiles of the one-meter DEM within the conterminous United States (CONUS) is Universal Transverse Mercator (UTM) in units of meters, and in conformance with the North American Datum of 1983 (NAD8",U.S. Geological Survey,,,,,https://www.usgs.gov/3d-elevation-program,,0.227,0.294,0.095,,,,,0.319,
https://catalog.data.gov/dataset/provisional-covid-19-death-counts-rates-and-percent-of-total-deaths-by-jurisdiction-of-res,"Provisional COVID-19 death counts, rates, and percent of total deaths, by jurisdiction of residence","This file contains COVID-19 death counts, death rates, and percent of total deaths by jurisdiction of residence. The data is grouped by different time periods including 3-month period, weekly, and total (cumulative since January 1, 2020). United States death counts and rates include the 50 states, plus the District of Columbia and New York City. New York state estimates exclude New York City. Puerto Rico is included in HHS Region 2 estimates. Deaths with confirmed or presumed COVID-19, coded to ICD–10 code U07.1. Number of deaths reported in this file are the total number of COVID-19 deaths received and coded as of the date of analysis and may not represent all deaths that occurred in that period. Counts of deaths occurring before or after the reporting period are not included in the file. Data during recent periods are incomplete because of the lag in time between when the death occurred and when the death certificate is completed, submitted to NCHS and processed for reporting purpose",Centers for Disease Control and Prevention,2023-03-31,,,https://www.usa.gov/government-works,https://data.cdc.gov/api/v3/views/mpx5-t7tu/export.csv?accessType=DOWNLOAD,,0.289,0.299,0.184,0.216,,,0.0,0.919,
https://catalog.data.gov/dataset/state-of-iowa-salary-book,State of Iowa Salary Book,"The dataset contains the name, gender, county or city of residence (when possible), official title, total salary received during each fiscal year, base salary for the employee, and traveling and subsistence expense reimbursed to state personnel beginning with Fiscal Year 2007. A status of ""TERMINATED"" in the column providing the base salary does not indicate that the employee was fired, only that the person no longer works in that position. Some employees may show up multiple times where they were employed by more than one department during the fiscal year, reflecting their total salary paid twice. The dataset contains information on personnel from all state government departments, boards, commissions, institutions, and Regents institutions (e.g. ISU, UNI and U of I) unless personnel receive an annual salary of less than one thousand dollars. Community Based Corrections officers and State Fair Board members are not included in the dataset.",Department of Administrative Services,2025-08-26,,,https://creativecommons.org/licenses/by/4.0/,https://idh-be.iowa.gov/api/v1/datasets/1001/rows.json,,0.27,0.296,0.106,0.218,,,0.86,0.854,
https://catalog.data.gov/dataset/supply-chain-ghg-emission-factors-for-us-commodities-and-industries-v1-1-1,Supply Chain GHG Emission Factors for US Commodities and Industries v1.1.1,"Tables presenting supply chain and margin emission factors and data quality scores for US commodities and industries calculated from USEEIO models at two levels of commodity/industry categorization, detail and summary, for both industries and commodity, and annually from 2010-2016. See the EPA report for full details on emission factor preparation. These factors were produced by knitting the GenerateEmissionFactorsDataset.Rmd file in RStudio using the supply-chain-factors code, v1.1.1 at https://github.com/USEPA/supply-chain-factors/releases/tag/v1.1.1. This dataset is associated with the following publication: Ingwersen, W., and M. Li. Supply Chain Greenhouse Gas Emission Factors for US Industries and Commodities. U.S. Environmental Protection Agency, Washington, DC, USA, 2020.",U.S. EPA Office of Research and Development (ORD),,,,https://pasteur.epa.gov/license/sciencehub-license.html,https://pasteur.epa.gov/uploads/10.23719/1524744/SupplyChainEmissionFactorsforUSIndustriesCommodities%20v1.1.1.xlsx,,0.562,0.148,0.306,,,,0.241,0.721,
https://catalog.data.gov/dataset/national-solar-radiation-database-nsrdb,National Solar Radiation Database (NSRDB),"The National Solar Radiation Database (NSRDB) is a serially complete collection of meteorological and solar irradiance data sets for the United States and a growing list of international locations for 1998-2025. The NSRDB is updated annually and provides foundational information to support U.S. Department of Energy programs, research, industry and the general public. The NSRDB provides time-series data at 30-minute resolution of resource averaged over surface cells of 0.038 degrees in both latitude and longitude, or nominally 4 km in size. Additionally time series data at 5 minutes for the US and 10 minutes for North, Central and South America at 2 km resolution are produced from the next generation of GOES satellites and made available from 2019. The solar radiation values represent the resource available to solar energy systems. The data was created using cloud properties which are generated using the AVHRR Pathfinder Atmospheres-Extended (PATMOS-x) algorithms developed by the Univer",National Renewable Energy Laboratory,2018-09-28,,,https://creativecommons.org/licenses/by/4.0/,https://console.cloud.google.com/marketplace/details/nrel/nsrdb,,0.487,0.607,0.353,0.535,,,0.86,0.703,
https://catalog.data.gov/dataset/interest-rate-statistics-daily-treasury-yield-curve-rates,Interest Rate Statistics - Daily Treasury Yield Curve Rates,"These rates are commonly referred to as Constant Maturity Treasury rates, or CMTs. Yields are interpolated by the Treasury from the daily yield curve. This curve, which relates the yield on a security to its time to maturity is based on the closing market bid yields on actively traded Treasury securities in the over-the-counter market. These market yields are calculated from composites of quotations obtained by the Federal Reserve Bank of New York. The yield values are read from the yield curve at fixed maturities, currently 1, 3 and 6 months and 1, 2, 3, 5, 7, 10, 20, and 30 years. This method provides a yield for a 10 year maturity, for example, even if no outstanding security has exactly 10 years remaining to maturity.",Office of Debt Management,,,,http://creativecommons.org/publicdomain/zero/1.0/,http://www.treasury.gov/resource-center/data-chart-center/interest-rates/Pages/TextView.aspx?data=yield,,0.322,0.201,0.099,,,,0.867,0.515,
https://catalog.data.gov/dataset/tiger-line-shapefile-2020-nation-u-s-2020-census-urban-area,"TIGER/Line Shapefile, 2020, Nation, U.S., 2020 Census Urban Area","The TIGER/Line shapefiles and related database files (.dbf) are an extract of selected geographic and cartographic information from the U.S. Census Bureau's Master Address File / Topologically Integrated Geographic Encoding and Referencing (MAF/TIGER) Database (MTDB). The MTDB represents a seamless national file with no overlaps or gaps between parts, however, each TIGER/Line shapefile is designed to stand alone as an independent data set, or they can be combined to cover the entire nation. After each decennial census, the Census Bureau delineates urban areas that represent densely developed territory, encompassing residential, commercial, and other nonresidential urban land uses. In general, this territory consists of areas of high population density and urban land use resulting in a representation of the urban footprint. There are 2,645 Urban Areas (UAs) in this data release with either a minimum population of 5,000 or a housing unit count of 2,000 units. Each urban area is identifie","U.S. Department of Commerce, U.S. Census Bureau, Geography Division, Geospatial Products Branch",2022-12-01,,,https://creativecommons.org/publicdomain/zero/1.0/,https://www2.census.gov/geo/tiger/TIGER2020/UAC/tl_2020_us_uac20.zip,,0.336,0.294,0.682,0.494,,,0.855,0.786,
https://catalog.data.gov/dataset/air-quality,Air Quality and Health Impacts,"Dataset contains information on New York City air quality surveillance data. Air pollution is one of the most important environmental threats to urban populations and while all people are exposed, pollutant emissions, levels of exposure, and population vulnerability vary across neighborhoods. Exposures to common air pollutants have been linked to respiratory and cardiovascular diseases, cancers, and premature deaths. These indicators provide a perspective across time and NYC geographies to better characterize air quality and health in NYC. Data can also be explored online at the Environment and Health Data Portal: http://nyc.gov/health/environmentdata. Real-time air quality data can be found on the Environmental & Health Data Portal linked here: Real-Time Air Quality in NYC",data.cityofnewyork.us,2020-12-09,,,,https://data.cityofnewyork.us/api/v3/views/c3uy-2p5r/query.json?accessType=DOWNLOAD,,0.702,0.315,0.319,0.354,,,,0.911,
https://catalog.data.gov/dataset/office-of-foreign-labor-certification-oflc-case-disclosure-data,Office of Foreign Labor Certification (OFLC) Case Disclosure Data,"The Office of Foreign Labor Certification (OFLC) Case Disclosure page allows the public to access the latest quarterly and annual disclosure data in easily accessible formats for the purpose of performing in-depth longitudinal research and analysis. The disclosure data is available for download by the federal fiscal year cycle covering the October 1 through September 30 period (all disclosure data sets are saved in the Microsoft Excel (.xls) file format). Each data set is cumulative, containing unique records identified by the applicable OFLC case number, and any noticeable typographical or other data anomalies may be due to internal data entry or other external customer errors in completing the application form. Select data fields for each case record are extracted from foreign labor certification application tables within OFLC case management systems based on the most recent date a determination decision was issued. Please refer the Record Layout document for each field title and res",Employment and Training Administration,,,,,,,0.285,0.167,0.307,,,,,,
https://catalog.data.gov/dataset/nyc-historical-vital-records-index-to-digitized-birth-certificates,NYC Historical Vital Records: Index to Digitized Birth Certificates,The dataset is an index to digitized historical birth certificates from 1855-1909 from all 5 NYC boroughs. Details about certificates in DORIS's collection and their digitization status can be found on our website (https://a860-historicalvitalrecords.nyc.gov/digital-vital-records).,data.cityofnewyork.us,2023-07-19,,,,https://data.cityofnewyork.us/api/v3/views/5gq7-rgmv/query.json?accessType=DOWNLOAD,,0.631,0.592,0.319,0.271,,,,0.903,
https://catalog.data.gov/dataset/permanent-employment-certification-perm-program-historical-data,Permanent Employment Certification (PERM) Program Historical Data,"This dataset includes data that the Employment and Training Administration's Office of Foreign Labor Certification (OFLC) collected from Permanent Employment Certification (PERM) applications during previous fiscal years. It includes information on employers, geography, and job details for participants in the PERM program. Historical PERM public disclosure data is available on the OFLC website in the Performance Data section. Data is available as Excel files in aggregate form at https://www.dol.gov/agencies/eta/foreign-labor/performance.",Employment and Training Administration,,,,,,,0.46,0.372,0.307,,,,,,
https://catalog.data.gov/dataset/corona-satellite-photography,CORONA Satellite Photography,"On February 24, 1995, President Clinton signed an Executive Order, directing the declassification of intelligence imagery acquired by the first generation of United States photo-reconnaissance satellites, including the systems code-named CORONA, ARGON, and LANYARD. More than 860,000 images of the Earth's surface, collected between 1960 and 1972, were declassified with the issuance of this Executive Order. Image collection was driven, in part, by the need to confirm purported developments in then-Soviet strategic missile capabilities. The images also were used to produce maps and charts for the Department of Defense and for other Federal Government mapping programs. In addition to the images, documents and reports (collateral information) are available, pertaining to frame ephemeris data, orbital ephemeris data, and mission performance. Document availability varies by mission; documentation was not produced for unsuccessful missions.",DOI/USGS/EROS,1960-07-31,,,,http://earthexplorer.usgs.gov/,,0.546,0.232,0.648,0.444,,,,0.837,
https://catalog.data.gov/dataset/fy-2024-federal-real-property-profile-frpp-public-dataset,FY 2024 Federal Real Property Profile (FRPP) Public Dataset,"The Federal Real Property Profile Management System (FRPP MS) is the federal government’s centralized inventory of real property under the custody and control of executive branch agencies. Due to national security and other authorized exclusions, some FRPP data is not available to the public.",General Services Administration,,,,https://creativecommons.org/publicdomain/zero/1.0/,https://inventory.data.gov/dataset/5752ee7f-9e8b-467a-aa5a-274b4bd1bc29/resource/1a94a302-b3c9-433d-ac97-43db73fa6d04/download/frpp_public_dataset_fy24_07022025.xlsx,,0.378,0.36,0.167,,,,0.855,0.874,
https://catalog.data.gov/dataset/next-generation-simulation-ngsim-vehicle-trajectories-and-supporting-data,Next Generation Simulation (NGSIM) Vehicle Trajectories and Supporting Data,"Click “Export” on the right to download the vehicle trajectory data. The associated metadata and additional data can be downloaded below under ""Attachments"". Researchers for the Next Generation Simulation (NGSIM) program collected detailed vehicle trajectory data on southbound US 101 and Lankershim Boulevard in Los Angeles, CA, eastbound I-80 in Emeryville, CA and Peachtree Street in Atlanta, Georgia. Data was collected through a network of synchronized digital video cameras. NGVIDEO, a customized software application developed for the NGSIM program, transcribed the vehicle trajectory data from the video. This vehicle trajectory data provided the precise location of each vehicle within the study area every one-tenth of a second, resulting in detailed lane positions and locations relative to other vehicles. Click the ""Show More"" button below to find additional contextual data and metadata for this dataset. For site-specific NGSIM video file datasets, please see the following: - NGSIM I-",Federal Highway Administration,2016-01-01,,,http://creativecommons.org/licenses/by-sa/3.0/legalcode,https://data.transportation.gov/api/v3/views/8ect-6jqj/query.json?accessType=DOWNLOAD,,0.582,0.175,0.118,0.516,,,0.825,0.918,
https://catalog.data.gov/dataset/msha-mines-dataset,MSHA Mines Dataset,"Lists all Coal and Metal/Non-Metal mines under MSHA's jurisdiction. Including current status of each mine (Active, Abandoned, Nonproducing, etc.), the current owner and operating company, commodity codes and physical attributes of the mine. Mine ID is the unique key for this data. (Includes Abandoned or Abandoned and Sealed Mines)",Mine Safety and Health Administration,,,,,https://www.msha.gov/mine-data-retrieval-system,,0.688,0.171,0.26,,,,,0.298,
