url,title,authors,publication_date,summary,topics,institution,pdf_url,page_count,doi,title_confidence,authors_confidence,publication_date_confidence,summary_confidence,topics_confidence,institution_confidence,pdf_url_confidence,page_count_confidence,doi_confidence
https://www.gov.uk/government/consultations/make-work-pay-duty-to-inform-workers-of-right-to-join-a-union,Make Work Pay: duty to inform workers of right to join a union,,2025-10-23,There’s a new duty on employers to inform workers of their right to join a trade union. This consultation is about how it should work in practice.,regulation-reform; trade-unions; rights-trade-unions,"Department for Business, Innovation, Science and Trade",,,,0.801,,0.762,0.213,0.922,0.725,,,
https://www.gov.uk/government/consultations/bus-services-act-2025-improving-information-about-local-services,Bus Services Act 2025: improving information about local services,,2026-07-01,Seeks views on using new powers to request and publish bus operators' data and develop a fully digital system for providing local bus service information.,bus-operators; bus-services-routes-and-timetables,Department for Transport,,,,0.834,,0.752,0.462,0.898,0.098,,,
https://www.gov.uk/government/consultations/consultation-on-prohibiting-third-party-betting-on-powerball,Consultation on prohibiting third party betting on Powerball,,2026-09-23,Consultation on the proposal to prohibit third party operators licensed under the Gambling Act 2005 from offering bets on Powerball.,gambling-regulation,"Department for Digital, Culture, Media and Sport",,,,0.758,,0.751,0.258,0.563,0.645,,,
https://www.gov.uk/government/consultations/googles-general-search-services-proposed-conduct-requirements,Google’s general search services: proposed conduct requirements,,2026-01-28,The Competition and Markets Authority (CMA) is inviting comments on proposals for conduct requirements (CRs): rules applying to Google’s general search services.,competition,Competition and Markets Authority,,,,0.349,,0.717,0.495,0.185,0.61,,,
https://www.gov.uk/government/consultations/googles-general-search-services-proposed-user-choice-conduct-requirement,Google’s general search services: proposed user choice conduct requirement,,2026-09-23,The Competition and Markets Authority (CMA) invites comments on updated proposals for a user choice conduct requirement in relation to Google’s general search services. This consultation is being held on another website .,competition,Competition and Markets Authority,,,,0.623,,0.751,0.209,0.185,0.61,,,
https://www.gov.uk/government/consultations/revision-of-guidance-for-reducing-the-risk-of-vulnerable-groups-contracting-listeriosis,Revision of guidance for reducing the risk of vulnerable groups contracting listeriosis,,2026-09-23,"We are seeking views on the clarity of the revisions made to the listeriosis guidance for health and social care settings, and on our assessment of their impact.",producing-distributing-food-food-labelling; food-poisoning,Food Standards Agency,,,,0.821,,0.751,0.227,0.935,0.176,,,
https://www.gov.uk/government/consultations/animal-health-and-welfare-pathway-mandatory-proposals,Animal Health and Welfare Pathway: mandatory proposals,,2026-02-24,"Seeking views on proposed new measures to enhance livestock health and welfare for cattle, sheep and pigs in England. This consultation was held on another website .",animal-welfare,"Department for Environment, Food & Rural Affairs",,,,0.777,,0.708,0.206,0.735,0.693,,,
https://www.gov.uk/government/consultations/vets-market-investigation-draft-substantive-order-and-undertakings,Vets market investigation: draft substantive Order and Undertakings,,2026-07-21,The CMA invited views on the draft substantive Order and Undertakings. This consultation was held on another website .,competition; consumer-rights-and-issues,Competition and Markets Authority,,,,0.776,,0.736,0.149,0.801,0.61,,,
https://www.gov.uk/government/consultations/make-work-pay-leave-for-bereavement-including-pregnancy-loss,Make Work Pay: leave for bereavement including pregnancy loss,,2025-10-23,"We are seeking views on the details of a new entitlement to bereavement leave, including for pregnancy loss before 24 weeks.",time-off; labour-market-reform,"Department for Business, Innovation, Science and Trade",,,,0.702,,0.762,0.302,0.928,0.725,,,
https://www.gov.uk/government/consultations/updating-the-safety-at-street-works-and-road-works-code-of-practice,Updating the safety at street works and road works code of practice,,2026-09-21,Seeks views on proposed updates to the safety at street works and road works code of practice.,road-safety-driving-rules-and-penalties,Department for Transport,,,,0.862,,0.734,0.453,0.779,0.098,,,
https://www.gov.uk/government/consultations/consultation-on-the-authorisation-of-16-regulated-products-2026,Consultation on the Authorisation of 16 Regulated Products 2026,,2026-09-21,We are seeking stakeholders’ views in relation to the proposed authorisation of 16 novel foods.,food-regulated-products,Food Standards Agency,,,,0.797,,0.734,0.447,0.689,0.176,,,
https://www.gov.uk/government/consultations/project-gigabit-national-rolling-open-market-review-may-2026,Project Gigabit National Rolling Open Market Review May 2026,,2026-05-01,A National Rolling Open Market Review request for information for all suppliers to submit information about their existing and planned build at premises level over the next 3 year period across the UK.,broadband-investment; communications-and-telecomms,Building Digital UK,,,,0.715,,0.745,0.261,0.866,0.253,,,
https://www.gov.uk/government/consultations/northern-ireland-local-growth-fund-consultation,Northern Ireland Local Growth Fund Consultation,,2026-05-08,Consultation on investment proposals for a new Local Growth Fund in Northern Ireland.,northern-ireland,Northern Ireland Office,,,,0.797,,0.739,0.465,0.3,0.493,,,
https://www.gov.uk/government/consultations/mhra-consultation-on-statutory-fees-2026,MHRA consultation on statutory fees (2026),,2026-08-17,Proposals for ongoing cost-recovery and to fund higher value services.,medicines-medical-devices-blood,Medicines and Healthcare products Regulatory Agency,,,,0.793,,0.746,0.241,0.872,0.702,,,
https://www.gov.uk/government/consultations/local-bus-service-performance-standards-consultation,Local bus service performance standards: consultation,,2026-09-17,Senior Traffic Commissioner consultation on local bus service performance standards in England and Wales.,business-regulation; fleet-management; professional-driving-of-lorries-buses-and-coaches; road-safety-driving-rules-and-penalties,Traffic Commissioners for Great Britain,,,,0.86,,0.732,0.456,0.927,0.138,,,
https://www.gov.uk/government/consultations/october-catch-limit-review-2026,October Catch Limit Review 2026,,2026-09-17,October Catch Limit Review 2026,environmental-management-marine-sea-fishing,Marine Management Organisation,,,,0.802,,0.732,0.152,0.954,0.099,,,
https://www.gov.uk/government/consultations/smart-secure-electricity-systems-sses-programme-first-phase-energy-smart-appliances-regulations,Smart Secure Electricity Systems (SSES) Programme: first phase energy smart appliances regulations,,2025-12-01,We're seeking feedback on the SSES Programme’s draft Phase 1 energy smart appliances regulations and impact assessment.,climate-change-energy-energy-infrastructure,Department for Energy Security and Net Zero,,,,0.602,,0.72,0.259,0.813,0.784,,,
https://www.gov.uk/government/consultations/nutrient-pollution-draft-norfolk-environmental-delivery-plan-consultation,Nutrient pollution – draft Norfolk Environmental Delivery Plan consultation,,2026-09-17,"We’re inviting your views on a new draft Environmental Delivery Plan (EDP), designed to protect and enhance the Norfolk: Broads Special Area of Conservation (SAC) (Yare and Bure), Broadland Ramsar and River Wensum SAC while enabling sustainable development. This consultation is being held on another website .",biodiversity-and-ecosystems,Natural England,,,,0.778,,0.732,0.154,0.791,0.118,,,
https://www.gov.uk/government/consultations/land-use-statistics-in-england-methodology-changes,Land use statistics in England: methodology changes,,2026-09-16,We are seeking views on a new methodology for the collection of MHCLG's land use statistics for England.,planning-and-building,"Ministry of Housing, Communities and Local Government",,,,0.84,,0.744,0.276,0.808,0.647,,,
https://www.gov.uk/government/consultations/tying-the-knot-reforming-weddings-law-in-england-and-wales,Tying the Knot: Reforming weddings law in England and Wales,,2026-07-16,"A consultation on reforming weddings law in England and Wales. It follows the Law Commission’s 2022 report, Celebrating Marriage: A New Weddings Law and the government’s announcement of its intention to reform the law.",crime-justice-and-law,Ministry of Justice,,,,0.765,,0.736,0.235,0.891,0.454,,,
https://www.gov.uk/government/consultations/make-work-pay-improving-access-to-flexible-working,Make Work Pay: improving access to flexible working,,2026-02-05,"We are seeking views on a new process for employers to follow when handling flexible working requests, as well as insights on flexible working practices more broadly.",working,"Department for Business, Innovation, Science and Trade",,,,0.755,,0.724,0.217,0.168,0.725,,,
https://www.gov.uk/government/consultations/small-pots-a-pathway-for-consolidation,Small Pots: a pathway for consolidation,,2026-09-15,Implementing the Multiple Default Consolidator solution to address the small pots problem in the DC market.,pensions-and-ageing-society,Department for Work and Pensions,,,,0.814,,0.742,0.318,0.924,0.651,,,
https://www.gov.uk/government/consultations/draft-strategic-policy-guidance-for-electricity-networks-growth,Draft strategic policy guidance for electricity networks growth,,2026-07-08,We're seeking views on draft social and environmental guidance for the Gas and Electricity Markets Authority.,climate-change-energy-energy-infrastructure,Department for Energy Security and Net Zero,,,,0.732,,0.744,0.313,0.813,0.784,,,
https://www.gov.uk/government/consultations/statutory-review-of-pubs-code-and-pubs-code-adjudicator-2022-to-2025,Statutory review of Pubs Code and Pubs Code Adjudicator 2022 to 2025,,2025-05-22,We are seeking views and evidence which will allow the government to assess the Pubs Code’s operation and the Pubs Code Adjudicator’s (PCA's) performance. This consultation was held on another website .,business-regulation; government-efficiency-transparency-and-accountability,"Department for Business, Innovation, Science and Trade",,,,0.86,,0.739,0.152,0.826,0.725,,,
https://www.gov.uk/government/consultations/school-food-standards-updating-the-legislative-framework,School Food Standards: updating the legislative framework,,2026-04-13,"Seeking views on updating the School Food Standards, so that every school is supported with the latest nutrition guidance. This consultation was held on another website .",school-food-accommodation-transport-and-uniform,Department for Education,,,,0.783,,0.722,0.191,0.944,0.175,,,
https://www.gov.uk/government/consultations/standard-of-proof-for-the-short-form-inquest-conclusion-of-unlawful-killing,Standard of proof for the short-form inquest conclusion of unlawful killing,,2026-09-14,Seeks views on whether it would be appropriate to consider changing the standard of proof for the short form inquest conclusion of unlawful killing from the civil to the criminal standard. This consultation is being held on another website .,courts-sentencing-tribunals,Ministry of Justice,,,,0.859,,0.745,0.156,0.862,0.454,,,
https://www.gov.uk/government/consultations/electric-vehicle-charging-changes-to-permitted-development-rights,Electric vehicle charging: changes to permitted development rights,,2025-11-26,Changes to permitted development rights to support the installation of electric vehicle charging infrastructure.,zero-emission-and-electric-vehicles,Department for Transport,,,,0.801,,0.75,0.268,0.44,0.098,,,
https://www.gov.uk/government/consultations/amendments-to-the-persistent-organic-pollutants-pops-regulation-2026,Amendments to the Persistent Organic Pollutants (POPs) Regulation 2026,,2026-03-18,"Seeking views on proposed changes to the POPs Regulation, including drafted legislation to prohibit 5 new POPs. This consultation was held on another website .",pollution-and-environmental-quality,"Department for Environment, Food & Rural Affairs",,,,0.819,,0.719,0.154,0.726,0.693,,,
https://www.gov.uk/government/consultations/information-sharing-duty-statutory-guidance,Information sharing duty statutory guidance,,2026-06-02,We would like your views on draft statutory guidance on the information sharing duty introduced in the Children’s Wellbeing and Schools Act. This consultation was held on another website .,preventing-neglect-abuse-and-exploitation,Department for Education,,,,0.826,,0.744,0.149,0.864,0.175,,,
https://www.gov.uk/government/consultations/groceries-code-adjudicator-gca-statutory-review-2022-to-2025,"Groceries Code Adjudicator (GCA): statutory review, 2022 to 2025",,2025-05-13,We're seeking views and evidence which will allow the government to assess the performance of the GCA against the measures set out in the GCA Act 2013. This consultation was held on another website .,consumer-rights-and-issues; government-efficiency-transparency-and-accountability,Department for Business and Trade,,,,0.834,,0.742,0.163,0.868,0.576,,,
https://www.gov.uk/government/consultations/consultation-on-orbital-liabilities-insurance-charging-and-space-sustainability,"Consultation on Orbital Liabilities, Insurance, Charging and Space Sustainability",,2023-09-14,"A government consultation on a range of issues relating to orbital liabilities and insurance, in response to the June 2022 call for evidence.",space,UK Space Agency,,,,0.792,,0.733,0.289,0.565,0.124,,,
https://www.gov.uk/government/consultations/leasehold-enfranchisement-valuation-rates,Leasehold enfranchisement valuation rates,,2026-07-15,This consultation seeks views on prescribing the valuation rates used in leasehold enfranchisement claims under the Leasehold and Freehold Reform Act 2024.,freehold-leasehold-property,"Ministry of Housing, Communities and Local Government",,,,0.839,,0.74,0.193,0.682,0.647,,,
https://www.gov.uk/government/consultations/tobacco-and-vapes-packaging-appearance-and-display,"Tobacco and vapes: packaging, appearance and display",,2026-07-10,"Proposals for regulating tobacco, vaping and nicotine product packaging, device appearance and retail displays, to implement the Tobacco and Vapes Act.",smoking; vaping,Department of Health and Social Care,,,,0.861,,0.738,0.484,0.483,0.273,,,
https://www.gov.uk/government/consultations/modernising-corporate-reporting,Modernising corporate reporting,,2026-09-07,"We are seeking views on how the corporate reporting framework in the UK could be modernised to better meet the needs of companies, investors and the wider economy.",company-law-reform,"Department for Business, Innovation, Science and Trade",,,,0.817,,0.759,0.243,0.887,0.725,,,
https://www.gov.uk/government/consultations/consultation-on-proposals-for-a-revised-system-of-financial-support-for-abattoirs-and-game-handling-establishments,Consultation on proposals for a revised system of financial support for abattoirs and game handling establishments,,2026-03-19,"Republished, closed consultation on plans to revise financial support for abattoirs and game handling establishments in England, Wales and Northern Ireland. This consultation was held on another website .",finance-support; food-and-farming-industry; food-hygiene-for-businesses; food-safety-management; health-and-social-care; producing-distributing-food-meat-production; money,Food Standards Agency,,,,0.816,,0.704,0.1,0.86,0.176,,,
https://www.gov.uk/government/consultations/consultation-on-applications-for-authorisation-of-3-cbd-food-products-as-novel-foods,Consultation on applications for authorisation of 3 CBD food products as novel foods,,2025-08-28,"This consultation seeks stakeholders’ views, comments and feedback in relation to 3 regulated product applications. The applications are for authorisation of “synthetic cannabidiol (CBD)”, “cannabidiol (CBD) isolate” and “isolated cannabidiol (CBD) derived from hemp (Cannabis sativa)” as novel foods. This consultation was held on another website .",food-regulated-products,Food Standards Agency,,,,0.803,,0.758,0.173,0.689,0.176,,,
https://www.gov.uk/government/consultations/draft-revised-guidance-on-our-approach-to-assessing-merger-efficiencies,Draft revised guidance on our approach to assessing merger efficiencies,,2026-06-03,The CMA consulted on draft revised guidance on our approach to assessing rivalry-enhancing efficiencies in mergers. This consultation was held on another website .,competition-mergers,Competition and Markets Authority,,,,0.839,,0.742,0.155,0.88,0.61,,,
https://www.gov.uk/government/consultations/plug-in-solar,Plug-in solar: Regulatory amendment and interim product specification,,2026-06-16,We're seeking views on proposals to enable the safe and legal use of plug-in solar (plug-in microgeneration) products in the UK.,low-carbon-technologies,Department for Energy Security and Net Zero,,,,0.715,,0.738,0.231,0.76,0.784,,,
https://www.gov.uk/government/consultations/the-occupational-pension-schemes-schemes-that-were-contracted-out-no-2-amendment-regulations-2026,The Occupational Pension Schemes (Schemes that were Contracted-out) (No 2) (Amendment) Regulations 2026,,2026-09-03,We are seeking views on the proposed draft regulations that provide for the conversion of Guaranteed Minimum Pensions (GMPs) into other scheme benefits.,pensions-and-ageing-society,Department for Work and Pensions,,,,0.796,,0.754,0.455,0.924,0.651,,,
https://www.gov.uk/government/consultations/guaranteed-minimum-pensions-fixed-rate-revaluation,Guaranteed Minimum Pensions Fixed Rate Revaluation,,2026-09-03,We are seeking views on the proposed continuation of 3.25% per annum as the rate of revaluation applied to fixed rate revaluation of Guaranteed Minimum Pensions (GMPs) for early leavers.,state-pension-simplification,Department for Work and Pensions,,,,0.814,,0.754,0.156,0.684,0.651,,,
https://www.gov.uk/government/consultations/improving-proportionality-and-safety-outcomes-in-building-control-telecommunications-work,Improving proportionality and safety outcomes in building control: telecommunications work,,2026-01-27,We are seeking views on proposals to change application requirements for telecommunications work within the higher-risk building regime.,building-regulation,"Ministry of Housing, Communities and Local Government",,,,0.467,,0.716,0.273,0.328,0.647,,,
https://www.gov.uk/government/consultations/proposed-merchant-shipping-safety-of-navigation-regulations-2027,Proposed Merchant Shipping (Safety of Navigation) Regulations 2027,,2026-09-02,"Consultation on updates to the current regulations which implement amendments to the international convention for the safety of life at sea, 1974.",maritime-and-shipping,Maritime and Coastguard Agency,,,,0.89,,0.755,0.392,0.366,0.289,,,
https://www.gov.uk/government/consultations/biodiversity-net-gain-considering-a-targeted-exemption-for-brownfield-residential-development,Biodiversity net gain: considering a targeted exemption for brownfield residential development,,2026-04-15,We’re seeking views on a potential exemption from biodiversity net gain (BNG) for certain residential developments on brownfield land. This consultation was held on another website .,biodiversity-and-ecosystems,"Department for Environment, Food & Rural Affairs",,,,0.77,,0.723,0.176,0.791,0.693,,,
https://www.gov.uk/government/consultations/capacity-market-changes-for-prequalification-2027,Capacity Market: changes for Prequalification 2027,,2026-09-02,We are seeking views on proposed changes to the Capacity Market for Prequalification 2027.,uk-energy-security,Department for Energy Security and Net Zero,,,,0.756,,0.755,0.191,0.448,0.784,,,
https://www.gov.uk/government/consultations/capacity-market-new-technologies-2026,Capacity Market: new technologies 2026,,2026-09-02,We are seeking views on whether technologies capable of contributing to electricity security of supply could enter future Capacity Market auctions.,uk-energy-security,Department for Energy Security and Net Zero,,,,0.704,,0.755,0.234,0.448,0.784,,,
https://www.gov.uk/government/consultations/project-gigabit-national-rolling-open-market-review-september-2026,Project Gigabit National Rolling Open Market Review September 2026,,2026-09-01,A National Rolling Open Market Review request for information for all suppliers to submit information about their existing and planned build at premises level over the next 3 year period across the UK.,broadband-investment; communications-and-telecomms,Building Digital UK,,,,0.708,,0.767,0.261,0.866,0.253,,,
https://www.gov.uk/government/consultations/non-domestic-smart-meter-rollout-post-2025,Non-domestic smart meter rollout post-2025,,2025-10-23,We're seeking views on new energy supplier obligations to drive non-domestic smart meter uptake post-2025 and protect consumers in the transition to smart-contingent contracts.,low-carbon-technologies,Department for Energy Security and Net Zero,,,,0.739,,0.762,0.179,0.76,0.784,,,
https://www.gov.uk/government/consultations/proposed-changes-to-sia-licence-linked-qualifications,Proposed changes to SIA licence-linked qualifications,,2026-08-28,The SIA is consulting on proposed changes to its licence-linked qualifications and its policies on training.,business-regulation; further-and-higher-education-skills-and-vocational-training,Security Industry Authority,,,,0.826,,0.749,0.238,0.934,0.606,,,
https://www.gov.uk/government/consultations/the-future-of-ilford-park-polish-home,The Future of Ilford Park Polish Home,,2026-04-01,"Proposed closure to new admissions after 2027 and sourcing of alternative accommodation for the remaining residents, if insufficient number of residents remain.",veterans-family-support,Ministry of Defence,,,,0.689,,0.744,0.09,0.73,0.725,,,
https://www.gov.uk/government/consultations/empowering-people-through-data-intermediaries,Empowering people through data intermediaries,,2026-06-08,We are seeking views on how to remove barriers facing data intermediaries and support the development of a trusted and effective UK data intermediaries market.,science-and-innovation,"Department for Digital, Culture, Media and Sport",,,,0.83,,0.74,0.293,0.676,0.645,,,
https://www.gov.uk/government/consultations/uk-emissions-trading-scheme-scope-expansion-waste,UK Emissions Trading Scheme scope expansion: waste,,2024-05-23,The UK ETS Authority is seeking views on the implementation of the expansion of the UK Emissions Trading Scheme to energy from waste and waste incineration.,uk-energy-security; waste-management,Department for Energy Security and Net Zero,,,,0.772,,0.74,0.326,0.854,0.784,,,
https://www.gov.uk/government/consultations/criminal-legal-aid-proposals-for-advocates-graduated-fee-scheme-reform,Criminal legal aid: Proposals for Advocates’ Graduated Fee Scheme reform,,2026-07-15,Proposals and their associated next steps for changes to the criminal legal aid Advocates’ Graduated Fee Scheme. This consultation was held on another website .,courts-sentencing-tribunals; criminal-justice-reform; legal-aid-for-providers,Ministry of Justice,,,,0.806,,0.74,0.119,0.947,0.454,,,
https://www.gov.uk/government/consultations/the-judicial-pensions-amendment-regulations-2027,The Judicial Pensions (Amendment) Regulations 2027,,2026-08-04,"Consultation seeking views on proposed amendments to judicial pension legislation affecting JPS22, FPJPS and related regulations. This consultation is being held on another website .",justice-system-transparency,Ministry of Justice,,,,0.816,,0.756,0.136,0.48,0.454,,,
https://www.gov.uk/government/consultations/standard-planning-agreements-for-medium-sized-sites,Standard planning agreements for medium-sized sites,,2026-08-25,We are seeking views on 4 standardised planning agreements for sites between 10 to 49 homes and up to 2.5 hectares in area.,house-building; planning-reform; planning-system,"Ministry of Housing, Communities and Local Government",,,,0.82,,0.74,0.186,0.864,0.647,,,
https://www.gov.uk/government/consultations/planning-powers-for-mayors-in-england,Planning powers for mayors in England,,2026-08-24,We are seeking views on how planning powers for mayors of strategic authorities in the English Devolution and Community Empowerment Act 2026 should be implemented.,devolution; planning-reform; planning-system,"Ministry of Housing, Communities and Local Government",,,,0.9,,0.746,0.238,0.873,0.647,,,
https://www.gov.uk/government/consultations/possible-amendments-to-the-tribunal-procedure-upper-tribunal-rules-2008-in-respect-of-appeals-under-the-online-safety-act-2023,Possible amendments to the Tribunal Procedure (Upper Tribunal) Rules 2008 in respect of appeals under the Online Safety Act 2023,,2026-02-26,Seeking views on possible amendments to the Tribunal Procedure (Upper Tribunal) Rules 2008 in respect of appeals under the Online Safety Act 2023.,courts-sentencing-tribunals,Tribunal Procedure Committee,,,,0.833,,0.707,0.203,0.862,0.175,,,
https://www.gov.uk/government/consultations/police-pension-scheme-2015-regulation-36,Police Pension Scheme 2015: Regulation 36,,2026-08-20,The government seeks views on the removal of Regulation 36 of the Police Pensions Regulations 2015 and associated changes to member contribution arrangements.,policing; public-service-pensions,Home Office,,,,0.796,,0.771,0.205,0.814,0.145,,,
https://www.gov.uk/government/consultations/vets-market-investigation-draft-funding-order-and-undertakings,Vets market investigation: draft Funding Order and Undertakings,,2026-06-30,The CMA invited views on the draft funding Order and Undertakings. This consultation was held on another website .,consumer-rights-and-issues; competition-markets,Competition and Markets Authority,,,,0.794,,0.746,0.148,0.905,0.61,,,
https://www.gov.uk/government/consultations/consultation-on-powers-for-local-authorities-to-issue-conditional-cautions-to-fly-tipping-offenders,Consultation on powers for local authorities to issue conditional cautions to fly-tipping offenders,,2026-08-20,"We are proposing to give local authorities powers to issue conditional cautions, to help them tackle fly-tipping. This consultation is being held on another website .",environment; local-government,"Department for Environment, Food & Rural Affairs",,,,0.836,,0.771,0.143,0.737,0.693,,,
https://www.gov.uk/government/consultations/growing-up-in-the-online-world-a-national-consultation,Growing up in the online world: a national consultation,,2026-03-02,"We consulted on further measures to prepare children for the future in an age of rapid technological change. This includes potential age restrictions on social media and other services such as gaming sites and AI chatbots, restrictions on addictive design features and risky functionalities, and better support for parents and families.",online-safety,"Department for Science, Innovation and Technology",,,,0.804,,0.729,0.16,0.459,0.702,,,
https://www.gov.uk/government/consultations/control-of-gamma-butyrolactone-and-14-butanediol,"Control of Gamma-Butyrolactone and 1,4-Butanediol",,2026-08-19,"Seeks views on a proposal to tighten controls on the substances Gamma-Butyrolactone (GBL) and 1,4-Butanediol (1,4-BD).",drug-misuse-and-dependency,Home Office,,,,0.842,,0.738,0.144,0.682,0.145,,,
https://www.gov.uk/government/consultations/the-value-for-money-framework-consultation,The Value for Money Framework: Consultation,,2026-07-13,"The Value for Money Framework will place investment outcomes, service quality and overall value at the centre of workplace pension provision.",pensions-and-ageing-society; working,Department for Work and Pensions,,,,0.796,,0.733,0.327,0.948,0.651,,,
https://www.gov.uk/government/consultations/police-and-law-enforcement-access-to-driver-data-held-by-the-dvla,Police and law enforcement access to driver data held by the DVLA,,2026-07-07,The government is consulting on the statutory framework governing police and law enforcement access to driving licence data held by the Driver and Vehicle Licensing Agency.,data-protection,Home Office,,,,0.877,,0.754,0.275,0.517,0.145,,,
https://www.gov.uk/government/consultations/make-work-pay-revised-tipping-code-of-practice,Make Work Pay: revised tipping code of practice,,2026-08-19,We are seeking views on the draft revised statutory code of practice on fair and transparent distribution of tips.,labour-market-reform,"Department for Business, Innovation, Science and Trade",,,,0.809,,0.738,0.402,0.702,0.725,,,
https://www.gov.uk/government/consultations/in-use-emissions-of-road-vehicles-regulating-environmental-impacts,In-use emissions of road vehicles: regulating environmental impacts,,2026-07-06,Seeks views on proposals to strengthen the law around emissions from motor vehicles that are in-use on GB roads.,roads-and-the-environment,Department for Transport,,,,0.775,,0.754,0.347,0.779,0.098,,,
https://www.gov.uk/government/consultations/updating-gb-type-approval-for-passenger-and-goods-vehicles,Updating GB type approval for passenger and goods vehicles,,2026-08-18,Incorporating certain EU and international vehicle regulations into the GB type approval scheme.,vehicle-ownership-approval-and-standards,Department for Transport,,,,0.825,,0.756,0.181,0.877,0.098,,,
https://www.gov.uk/government/consultations/gas-system-in-transition-security-of-supply,Gas system in transition: security of supply,,2025-11-26,"We are seeking views on our assessment of GB’s long-term supply of gas, and proposed policy actions to protect our gas and energy security during the transition.",uk-energy-security,Department for Energy Security and Net Zero,,,,0.846,,0.75,0.368,0.448,0.784,,,
https://www.gov.uk/government/consultations/proposed-steering-conduct-requirement-for-apples-mobile-platform,Proposed steering conduct requirement for Apple’s mobile platform,,2026-06-30,Consultation on a proposed steering conduct requirement (CR) and its provisional assessment of its effectiveness and proportionality. This consultation was held on another website .,competition,Competition and Markets Authority,,,,0.761,,0.746,0.134,0.185,0.61,,,
https://www.gov.uk/government/consultations/reforms-to-the-statutory-consultee-system,Reforms to the statutory consultee system,,2025-11-18,We are seeking views on reforming the role of statutory consultees in the planning system in England.,planning-reform; planning-system,"Ministry of Housing, Communities and Local Government",,,,0.838,,0.757,0.573,0.931,0.647,,,
https://www.gov.uk/government/consultations/national-planning-policy-framework-proposed-reforms-and-other-changes-to-the-planning-system,National Planning Policy Framework: proposed reforms and other changes to the planning system,,2025-12-16,We are seeking views on a revised National Planning Policy Framework (NPPF) and other changes to the planning system.,planning-reform; planning-system,"Ministry of Housing, Communities and Local Government",,,,0.812,,0.694,0.424,0.931,0.647,,,
https://www.gov.uk/government/consultations/possible-amendments-to-the-tribunal-procedure-upper-tribunal-rules-2008-in-respect-of-applications-for-judicial-review,Possible amendments to the Tribunal Procedure (Upper Tribunal) Rules 2008 in respect of applications for judicial review,,2026-03-20,Seeking views on possible amendments to the Tribunal Procedure (Upper Tribunal) Rules 2008 in respect of applications for judicial review.,courts-sentencing-tribunals,Tribunal Procedure Committee,,,,0.855,,0.736,0.198,0.862,0.175,,,
https://www.gov.uk/government/consultations/september-catch-limit-review-2026,September Catch Limit Review 2026,,2026-08-14,September Catch Limit Review 2026,environmental-management-marine-sea-fishing,Marine Management Organisation,,,,0.795,,0.745,0.181,0.954,0.099,,,
https://www.gov.uk/government/consultations/zero-emission-vehicle-mandate-review,Zero emission vehicle mandate review,,2026-08-14,Seeks views on the zero emission vehicle (ZEV) mandate and its effectiveness in the UK.,zero-emission-and-electric-vehicles,Department for Transport,,,,0.84,,0.745,0.233,0.44,0.098,,,
https://www.gov.uk/government/consultations/reforming-the-packing-waste-recycling-note-prn-system,Reforming the packing waste recycling note (PRN) system,,2026-03-24,"Tell us what you think about possible reforms to the PRN system, which is used by producers to comply with their recycling obligations. This consultation was held on another website .",waste-and-recycling,"Department for Environment, Food & Rural Affairs",,,,0.807,,0.713,0.124,0.525,0.693,,,
https://www.gov.uk/government/consultations/proposed-steering-conduct-requirement-for-googles-mobile-platform,Proposed steering conduct requirement for Google’s mobile platform,,2026-06-30,Consultation on a proposed steering conduct requirement (CR) and its provisional assessment of its effectiveness and proportionality. This consultation was held on another website .,competition,Competition and Markets Authority,,,,0.762,,0.746,0.134,0.185,0.61,,,
https://www.gov.uk/government/consultations/proposed-legislative-changes-to-support-implementation-of-the-british-industrial-competitiveness-scheme,Proposed legislative changes to support implementation of the British Industrial Competitiveness Scheme,,2026-08-13,We're seeking views on legislative amendments to the CfD supplier obligation to support implementation of the British Industrial Competitiveness Scheme (BICS).,climate-change-energy-energy-infrastructure; household-energy,Department for Energy Security and Net Zero,,,,0.857,,0.742,0.254,0.894,0.784,,,
https://www.gov.uk/government/consultations/consultation-on-simplifying-treaty-relief-from-withholding-tax-on-interest-paid-overseas,Consultation on Simplifying Treaty Relief from Withholding Tax on Interest Paid Overseas,,2026-07-13,We welcome views on simplification of the process to obtain treaty relief in relation to withholding tax obligations when making payments of interest overseas.,business-tax-international-tax-double-taxation,HM Revenue & Customs,,,,0.788,,0.733,0.237,0.846,0.098,,,
https://www.gov.uk/government/consultations/make-work-pay-ending-one-sided-flexibility-reforms-of-zero-hours-and-similar-contracts,Make Work Pay: ending one-sided flexibility – reforms of zero hours and similar contracts,,2026-06-02,"We are seeking views on reforms relating to zero hours and similar contracts, to implement measures in the Employment Rights Act 2025 to end one-sided flexibility.",labour-market-reform,"Department for Business, Innovation, Science and Trade",,,,0.731,,0.744,0.227,0.702,0.725,,,
https://www.gov.uk/government/consultations/significant-water-management-issues-river-basin-management-plans,Significant water management issues: river basin management plans,,2025-11-20,We want your views on significant management issues that affect our waters. Your responses will help shape the way we manage the water environment. This consultation was held on another website .,pollution-and-environmental-quality; river-maintenance-flooding-coastal-erosion; rural-and-countryside; water-management,Environment Agency,,,,0.818,,0.765,0.15,0.915,0.211,,,
https://www.gov.uk/government/consultations/strategic-review-of-cma-markets-remedies,Strategic review of CMA markets remedies,,2026-01-19,"The Competition and Markets Authority (CMA) is seeking views on whether 33 markets remedies remain appropriate, and if not, if they should be amended or removed.",competition-markets,Competition and Markets Authority,,,,0.749,,0.701,0.339,0.701,0.61,,,
https://www.gov.uk/government/consultations/provisional-decision-strategic-review-of-cma-markets-remedies,Provisional decision: strategic review of CMA markets remedies,,2026-08-12,"The Competition and Markets Authority (CMA) is consulting on its provisional decision to amend, remove or retain the 33 remedies included in the strategic review. This consultation was held on another website .",competition-markets,Competition and Markets Authority,,,,0.777,,0.746,0.209,0.701,0.61,,,
https://www.gov.uk/government/consultations/cerbydau-awtomeiddiedig-datganiad-o-egwyddorion-diogelwch,Cerbydau awtomeiddiedig: datganiad o egwyddorion diogelwch,,2026-08-11,Rydym yn ceisio barn ar y datganiad drafft o egwyddorion diogelwch ar gyfer cerbydau awtomeiddiedig.,self-driving-vehicles,Department for Transport,,,,0.858,,0.757,0.153,0.781,0.098,,,
https://www.gov.uk/government/consultations/enforcement-and-sanctions-policy-updates-on-new-water-and-waste-enforcement-powers,Enforcement and sanctions policy updates on new water and waste enforcement powers,,2026-08-10,We want your views on proposed updates to the Environment Agency’s enforcement and sanctions policy. This consultation is being held on another website .,business-regulation; waste-management; environmental-management-water-water-quality,Environment Agency,,,,0.77,,0.753,0.159,0.927,0.211,,,
https://www.gov.uk/government/consultations/changes-to-the-air-navigation-directions-and-air-navigation-guidance,Changes to the air navigation directions and air navigation guidance,,2025-11-25,Proposed changes to the air navigation directions and air navigation guidance to support the airspace modernisation programme.,air-navigation; airport-capacity-and-expansion; new-aviation-technology,Department for Transport,,,,0.88,,0.747,0.155,0.858,0.098,,,
https://www.gov.uk/government/consultations/teachers-pension-scheme-regulations-2027-proposed-amendments,Teachers’ Pension Scheme regulations: 2027 proposed amendments,,2026-08-07,We are seeking views on the proposed changes to the Teachers’ Pension Scheme (TPS) regulations. This consultation is being held on another website .,teacher-pay-pensions-and-conditions,Department for Education,,,,0.844,,0.76,0.163,0.874,0.175,,,
https://www.gov.uk/government/consultations/smart-secure-electricity-systems-sses-programme-draft-load-control-licence-regulations-and-conditions,Smart Secure Electricity Systems (SSES) Programme: draft load control licence regulations and conditions,,2025-12-10,"We're seeking views on the proposed regulations, including the licence conditions designed to protect consumers and the electricity system.",low-carbon-technologies,Department for Energy Security and Net Zero,,,,0.73,,0.692,0.335,0.76,0.784,,,
https://www.gov.uk/government/consultations/permitted-development-rights-for-electricity-network-ground-investigations,Permitted development rights for electricity network ground investigations,,2026-08-06,We're seeking views on proposed permitted development rights for ground investigations and surveys for electricity network infrastructure.,energy-industry-and-infrastructure-licensing-and-regulation,Department for Energy Security and Net Zero,,,,0.826,,0.76,0.427,0.847,0.784,,,
https://www.gov.uk/government/consultations/consultation-on-market-authorisation-of-one-traditional-food,Consultation on Market Authorisation of One Traditional Food,,2026-08-06,We are seeking stakeholders’ views in relation to one traditional food notification,food-regulated-products,Food Standards Agency,,,,0.831,,0.76,0.497,0.689,0.176,,,
https://www.gov.uk/government/consultations/environmental-permitting-standard-rules-consultation-number-30,Environmental permitting: standard rules consultation number 30,,2025-04-01,We want your views on our proposals for new standard rules permits for new cemetery developments and closed-loop ground source heating and cooling systems. This consultation was held on another website .,environmental-permits; water-management-groundwater; low-carbon-technologies; rural-development-land-management; environmental-management-water-water-quality,Environment Agency,,,,0.808,,0.75,0.146,0.912,0.211,,,
https://www.gov.uk/government/consultations/normal-minimum-pension-age-transitional-provisions-regulations,Normal Minimum Pension Age Transitional Provisions Regulations,,2026-08-06,This technical consultation seeks comments on draft secondary legislation to provide transitional tax provisions in connection with the increase in the normal minimum pension age (NMPA) from age 55 to age 57 from 6 April 2028.,state-pension-age,HM Revenue & Customs,,,,0.851,,0.76,0.168,0.212,0.098,,,
https://www.gov.uk/government/consultations/police-pension-scheme-2015-cpi-revaluation,Police Pension Scheme 2015: CPI revaluation,,2026-01-19,The government is consulting on a proposal to align the 2015 CARE scheme revaluation date with the start of the tax year.,money; policing,Home Office,,,,0.791,,0.701,0.241,0.5,0.145,,,
https://www.gov.uk/government/consultations/whole-energy-cyber-resilience-requirements-reshaping-cyber-regulation-in-downstream-gas-and-electricity,Whole energy cyber resilience requirements: reshaping cyber regulation in downstream gas and electricity,,2026-03-27,We're seeking views on proposals for a new approach to cyber resilience regulation for downstream gas and electricity operators.,uk-energy-security,Department for Energy Security and Net Zero,,,,0.749,,0.721,0.223,0.448,0.784,,,
https://www.gov.uk/government/consultations/local-government-reorganisation-in-devon-plymouth-and-torbay,"Local government reorganisation in Devon, Plymouth and Torbay",,2026-02-05,"This consultation seeks views on the local government reorganisation proposals we have received from councils in Devon, Plymouth and Torbay.​",devolution,"Ministry of Housing, Communities and Local Government",,,,0.813,,0.724,0.283,0.282,0.647,,,
https://www.gov.uk/government/consultations/thames-regional-flood-and-coastal-committee-membership-change,Thames regional flood and coastal committee: composition change,,2026-08-03,We are consulting on composition changes to one regional flood and coastal committee. This consultation was held on another website .,river-maintenance-flooding-coastal-erosion,Environment Agency,,,,0.693,,0.754,0.161,0.969,0.211,,,
https://www.gov.uk/government/consultations/equal-pay-and-pay-discrimination,Equal pay and pay discrimination,,2026-07-14,"We are seeking views on how we can comprehensively reform the pay discrimination framework so that it works better for workers, businesses and the justice system.",equality,Office for Equality and Opportunity,,,,0.828,,0.735,0.483,0.199,0.403,,,
https://www.gov.uk/government/consultations/oversight-and-funding-of-youth-justice-services,Oversight and funding of youth justice services,,2026-07-17,"A consultation on proposals for a new performance and oversight framework for youth justice services, and reforms to how they are funded.",young-people-and-the-law,Ministry of Justice,,,,0.815,,0.727,0.506,0.946,0.454,,,
https://www.gov.uk/government/consultations/british-industrial-competitiveness-scheme-consultation-on-scheme-eligibility-and-approach,British Industrial Competitiveness Scheme: consultation on scheme eligibility and approach,,2025-11-24,We are seeking views on the proposed approach to the new British Industrial Competitiveness Scheme (BICS) and how eligible businesses should be selected. This consultation was held on another website .,climate-change-energy,Department for Business and Trade,,,,0.803,,0.749,0.143,0.753,0.576,,,
https://www.gov.uk/government/consultations/digital-economy-act-2017-consultation-regarding-proposed-changes-to-research-accreditation-criteria,Digital Economy Act 2017 - Consultation Regarding Proposed Changes to Research Accreditation Criteria,,2026-07-31,The UK Statistics Authority is consulting on proposed changes to the Research Accreditation Criteria as per Chapter 5 of Part 5 of the Digital Economy Act 2017. We want your views regarding the revised criteria. This consultation is being held on another website .,uk-economy,UK Statistics Authority,,,,0.801,,0.744,0.141,0.436,0.396,,,
https://www.gov.uk/government/consultations/time-off-for-public-duties,Time off for public duties,,2026-06-12,"We are seeking views on how the right to time off work for public duties operates in practice, and on proposed changes to the list of public duties eligible for time off under this legislation.",time-off; labour-market-reform,"Department for Business, Innovation, Science and Trade",,,,0.842,,0.736,0.148,0.928,0.725,,,
https://www.gov.uk/government/consultations/watch-this-space-a-new-strategic-direction-for-uk-media-green-paper-and-public-consultation,Watch this space: a new strategic direction for UK media - green paper and public consultation,,2026-06-23,"The government is consulting on measures to ensure our media, and television in particular, can continue to play its vitally important role in our society and our democracy.",media-and-creative-industries,"Department for Culture, Media and Sport",,,,0.786,,0.746,0.239,0.887,0.54,,,
