url,title,funder,deadline,opening_date,funding_amount,eligibility,description,guidelines_url,programme_type,title_confidence,funder_confidence,deadline_confidence,opening_date_confidence,funding_amount_confidence,eligibility_confidence,description_confidence,guidelines_url_confidence,programme_type_confidence
https://www.ukri.org/opportunity/doctoral-focal-award-chip-design-and-verification/,Doctoral focal award: chip design and verification,Engineering and Physical Sciences Research Council (EPSRC),2026-12-02,2026-10-07,"£6,000,000",This funding opportunity is open to organisations with standard eligibility. Check if your organisation is eligible .,Apply for funding to establish a doctoral focal award in chip design and verification. This supports interdisciplinary training in very large-scale integration design and systems-on-chip.,,Grant,0.579,0.757,0.171,0.736,0.216,0.713,0.591,,0.861
https://www.ukri.org/opportunity/nerc-urgency-funding-open/,NERC urgency funding,Natural Environment Research Council (NERC),Open - no closing date,2026-09-24,"£100,000",To be a project lead or a project co-lead you must be based at an organisation complying with standard eligibility rules.,"Apply for funding to respond rapidly to transient environmental research opportunities arising from unexpected natural events, such as earthquakes, droughts, floods or ephemeral events in ecosystems.",,Grant,0.559,0.666,0.195,0.614,0.108,0.738,0.668,,0.861
https://www.ukri.org/opportunity/ofgem-strategic-innovation-fund-discovery-c7/,Ofgem Strategic Innovation Fund Discovery C7,Innovate UK,2026-10-21,2026-09-21,,,"Organisations can apply for a share of up to £30 million exclusive of VAT, for collaborative Discovery Phase Projects that meet the Innovation Challenges. This funding is from the Ofgem Strategic Innovation Fund.",,Other,0.712,0.693,0.483,0.405,,,0.178,,0.148
https://www.ukri.org/opportunity/ahrc-responsive-mode-ukri-nsf-sbe-lead-agency/,AHRC UKRI NSF-SBE lead agency: applicant-led mode,Arts and Humanities Research Council (AHRC),Open - no closing date,2026-09-23,"£300,000 - £1,500,000",This opportunity is open to organisations with standard eligibility. Check if your organisation is eligible .,Apply for funding to work with overseas researchers in the Unites States.,,Grant,0.448,0.818,0.195,0.588,0.54,0.75,0.256,,0.861
https://www.ukri.org/opportunity/ahrc-responsive-mode-curiosity-award/,AHRC Curiosity Award: applicant-led mode,Arts and Humanities Research Council (AHRC),Open - no closing date,2026-09-23,"£100,000",This funding opportunity is open to organisations with standard eligibility. Check if your organisation is eligible .,"Apply for funding for flexible awards to fund fundamental research that leads to new research agendas, networking activity and idea generation, which enables the development of further research opportunities and new research agendas.",,Grant,0.237,0.818,0.195,0.588,0.108,0.713,0.647,,0.861
https://www.ukri.org/opportunity/ahrc-responsive-mode-working-with-brazilian-researchers/,AHRC Working with Brazilian researchers: Applicant-led mode,Arts and Humanities Research Council (AHRC),Open - no closing date,2026-09-23,"£300,000 - £1,500,000",This opportunity is open to organisations with standard eligibility. Check if your organisation is eligible .,"Apply for funding to work with overseas researchers in the State of São Paulo, Brazil.",,Grant,0.16,0.818,0.195,0.588,0.54,0.75,0.332,,0.861
https://www.ukri.org/opportunity/pushing-the-frontiers-of-environmental-research/,Pushing the frontiers of environmental research,Natural Environment Research Council (NERC),Open - no closing date,2026-09-23,"£950,000",This opportunity is open to organisations with standard eligibility. Check if your organisation is eligible .,"Apply for funding to pursue an adventurous, ambitious curiosity-driven project in environmental research.",,Grant,0.61,0.666,0.195,0.588,0.133,0.75,0.47,,0.861
https://www.ukri.org/opportunity/ahrc-responsive-mode-collaborate-with-researchers-in-luxembourg/,AHRC Collaborate with researchers in Luxembourg: applicant-led mode,Arts and Humanities Research Council (AHRC),Open - no closing date,2026-09-23,"£300,000 - £1,500,000",This funding opportunity is open to organisations with standard eligibility. Check if your organisation is eligible .,Apply for funding to work with overseas researchers in Luxembourg.,,Grant,0.283,0.818,0.195,0.588,0.54,0.713,0.274,,0.861
https://www.ukri.org/opportunity/ahrc-catalyst-awards-applicant-led-mode/,AHRC Catalyst Awards: applicant-led mode,Arts and Humanities Research Council (AHRC),Open - no closing date,2026-09-23,"£100,000 - £300,000",This funding opportunity is open to organisations with standard eligibility.,"Apply for funding to support researchers without prior experience of leading a significant research project to accelerate their trajectory as independent researchers, to unlock their potential, build leadership and convenor experience.",,Grant,0.33,0.818,0.195,0.588,0.729,0.624,0.566,,0.861
https://www.ukri.org/opportunity/ahrc-responsive-mode-standard-research-grant/,AHRC Standard research grant: applicant-led mode,Arts and Humanities Research Council (AHRC),Open - no closing date,2026-09-23,"£300,000 - £1,500,000",This funding opportunity is open to organisations with standard eligibility. Check if your organisation is eligible .,"Apply for AHRC standard research grant funding to support well-defined collaborative projects across the arts and humanities, in areas covered by our remit.",,Grant,0.401,0.818,0.195,0.588,0.54,0.713,0.509,,0.861
https://www.ukri.org/opportunity/ofgem-strategic-innovation-fund-round-five-discovery-c7/,Ofgem Strategic Innovation Fund round five discovery C7,Innovate UK,2026-10-21,2026-09-21,,,"Organisations can apply for a share of up to £30 million exclusive of VAT, for collaborative discovery phase projects that meet the round five challenges.",,Other,0.529,0.693,0.483,0.405,,,0.185,,0.148
https://www.ukri.org/opportunity/centres-of-excellence-for-regulatory-science-and-innovation/,Centres of Excellence for Regulatory Science and Innovation,Medical Research Council (MRC),2027-01-12,2026-09-22,,This opportunity is open to organisations based in the UK with standard eligibility. Check if your organisation is eligible,Apply for funding to establish a Centre of Excellence for Regulatory Science and Innovation (CERSI) to address strategic regulatory science priorities through sustained programmes of research.,,Grant,0.754,0.636,0.107,0.558,,0.723,0.486,,0.861
https://www.ukri.org/opportunity/long-term-cultural-and-sporting-events-legacy/,Long-term cultural and sporting events legacy,Arts and Humanities Research Council (AHRC),2026-12-01,2026-09-22,"£1,100,000 - £1,320,000","This is a UK Research and Innovation (UKRI) funding opportunity led by the AHRC in partnership with the Department for Culture, Media and Sport (DCMS). It is open to the research and innovation communities of all UKRI research councils and Innovate UK.","Apply for funding to research the long-term impact and legacy of major sporting and cultural events in the UK, focusing on running a live experimental evaluation of a major event that fills gaps in existing methodologies.",,Grant,0.776,0.818,0.153,0.558,0.814,0.692,0.383,,0.861
https://www.ukri.org/opportunity/attendance-and-engagement-at-uk-sporting-cultural-and-heritage-sites/,"Attendance and engagement at UK sporting, cultural and heritage sites",Arts and Humanities Research Council (AHRC),2026-12-01,2026-09-22,"£1,100,000 - £1,320,000",This is a UK Research and Innovation (UKRI) funding opportunity led by the AHRC in partnership with the DCMS. It is open to the research and innovation communities of all UKRI research councils and Innovate UK.,"Apply for funding to research the development of novel data-intensive approaches for capturing engagement data from unticketed cultural, heritage, and sporting events, activities and locations, demonstrated through a deployable tool in at least one Department for Culture, Media and Sport (DCMS) sector.",,Grant,0.63,0.818,0.153,0.558,0.814,0.627,0.41,,0.861
https://www.ukri.org/opportunity/commercialising-knowledge-assets-fund-ckaf-winter-2/,Commercialising Knowledge Assets Fund (CKAF) Winter,Innovate UK,2026-12-01,2026-09-17,,,"UK registered government research organisations can apply for grants from £50,000 up to £250,000 to move viable public sector knowledge assets towards commercial readiness. This funding is provided by the Government Office for Technology Transfer.",,Grant,0.739,0.693,0.231,0.668,,,0.27,,0.861
https://www.ukri.org/opportunity/gambling-harms-research-grants/,Gambling harms research grants,Arts and Humanities Research Council (AHRC),2026-12-08,2026-09-21,"£2,000,000",This opportunity is open to organisations with standard eligibility. Project leads must be based at a UK research institution eligible for UK Research and Innovation (UKRI) funding. Check if your organisation is eligible .,Apply for funding that deepens understanding or supports solutions for the prevention and treatment of gambling-related harms.,,Grant,0.157,0.818,0.171,0.566,0.278,0.735,0.541,,0.861
https://www.ukri.org/opportunity/economic-statistics-centre-of-excellence-2027-2030-invite-only/,Economic Statistics Centre of Excellence 2027-2030 – invite only,Economic and Social Research Council (ESRC),2026-11-05,2026-09-24,"£8,007,500",You can only apply for this funding opportunity if we have invited you to do so.,"This invite-only funding opportunity is designed to support the Economic Statistics Centre of Excellence (ESCoE). This funding will support ESCoE’s high-quality research to improve economic measurement, enhance the production of key statistics, and address challenges related to economic measurement, including the following objectives:",,Grant,0.275,0.732,0.166,0.614,0.81,0.658,0.596,,0.861
https://www.ukri.org/opportunity/battery-innovation-concept-development-round-three/,Battery innovation: concept development round three,Innovate UK,2026-12-02,2026-09-11,,,UK registered businesses can apply for a share of up to £25 million to support innovation in battery grade material technologies for electrification.,,Grant,0.325,0.693,0.378,0.479,,,0.123,,0.861
https://www.ukri.org/opportunity/battery-innovation-feasibility-studies-round-three/,Battery innovation: feasibility studies round three,Innovate UK,2026-12-02,2026-09-11,,,UK registered businesses can apply for a share of up to £25 million to support innovation in battery grade material technologies for electrification.,,Grant,0.387,0.693,0.378,0.479,,,0.123,,0.861
https://www.ukri.org/opportunity/longitudinal-population-studies-strategic-prioritisation-exercise/,Longitudinal population studies strategic prioritisation exercise,Medical Research Council (MRC),2026-11-17,2026-09-17,,This opportunity is open to organisations with standard eligibility. Check if your organisation is eligible .,Submit information about your longitudinal population study (LPS) to help Medical Research Council (MRC) plan for future investments in LPS infrastructure.,,Other,0.358,0.636,0.188,0.745,,0.75,0.173,,0.148
https://www.ukri.org/opportunity/nqs-mission-2-components-systems-and-architectures/,"NQS Mission 2: Components, systems and architectures",Engineering and Physical Sciences Research Council (EPSRC),2026-11-24,2026-09-29,"£2,560,000",This opportunity is open to organisations with standard eligibility. Check if your organisation is eligible .,"Apply for funding to advance the research capabilities required to deliver the UK National Quantum Strategy Mission 2, strengthening the UK’s leadership in quantum networking and communications and accelerating progress towards the deployment of the world’s most advanced quantum network and the future quantum internet.",,Grant,0.574,0.757,0.182,0.557,0.4,0.75,0.417,,0.861
https://www.ukri.org/opportunity/ukri-enabling-ai-adoption-across-science-and-engineering/,UKRI Enabling AI adoption across science and engineering,,2026-12-01,2026-09-29,"£250,000",This opportunity is open to organisations with standard eligibility. Check if your organisation is eligible .,Apply for funding for ambitious and exploratory projects bringing together AI and domain expertise. Projects will have the potential to unlock new opportunities for applying artificial intelligence (AI) to important research challenges in priority science and engineering disciplines.,,Grant,0.543,,0.153,0.557,0.155,0.75,0.632,,0.861
https://www.ukri.org/opportunity/nqs-mission-2-coordination-network/,NQS Mission 2 Coordination Network,Engineering and Physical Sciences Research Council (EPSRC),2026-11-24,2026-09-29,"£630,937",This funding opportunity is open to organisations with standard eligibility. Check if your organisation is eligible .,"Apply for funding to establish a coordination network supporting Mission 2 of the UK National Quantum Strategy. The network will bring together researchers, industry partners, and network operators to strengthen collaboration, maximise the impact of Mission 2 investments, accelerate progress towards secure, scalable quantum communications and the quantum internet.",,Grant,0.656,0.757,0.182,0.557,0.404,0.713,0.613,,0.861
https://www.ukri.org/opportunity/bioinformatics-and-biological-resources-fund-26bbr/,Bioinformatics and Biological Resources Fund (26BBR),Biotechnology and Biological Sciences Research Council (BBSRC),2026-11-19,2026-09-23,"£2,000,000",This funding opportunity is open to organisations with standard eligibility. Check if your organisation is eligible .,"Apply for funding to implement, improve or consolidate bioinformatics or biological resources in support of UK bioscience, helping to drive forwards progress in bioscience research and innovation.",,Grant,0.737,0.549,0.203,0.588,0.278,0.713,0.502,,0.861
https://www.ukri.org/opportunity/engineering-biology-collaborative-rd-round-3/,Engineering Biology Collaborative R&D: Round 3,Innovate UK,2026-11-03,2026-09-08,,,"UK registered businesses can apply for a share of up to £8.5 million to develop and scale Engineering Biology platforms, products and services. This funding is part of UKRI’s Engineering Biology Programme.",,Grant,0.664,0.693,0.481,0.685,,,0.172,,0.861
https://www.ukri.org/opportunity/ultra-long-duration-energy-storage-project-development-studies-relaunch/,Ultra Long Duration Energy Storage Project Development Studies Relaunch,Innovate UK,2026-09-30,2026-09-11,,,UK registered businesses can apply for a share of up to £3 million for project development studies to support the development of electrochemical ultra long duration energy storage demonstration projects in the UK.,,Grant,0.441,0.693,0.362,0.479,,,0.145,,0.861
https://www.ukri.org/opportunity/invite-only-precision-prevention-biological-mechanisms-of-response-variation/,Invite only: Precision prevention: biological mechanisms of response variation,Medical Research Council (MRC),2026-11-05,2026-09-10,,This opportunity is open to organisations with standard eligibility. Check if your organisation is eligible .,"Apply for funding to investigate why biomedical prevention interventions work differently across people. Projects must generate mechanistic evidence in humans by testing biomedical experimental interventions or challenges in pre-disease or early disease states, providing insight into how to improve the targeting and effectiveness of precision prevention strategies.",,Grant,0.368,0.636,0.166,0.693,,0.75,0.518,,0.861
https://www.ukri.org/opportunity/small-molecule-high-throughput-screen-using-astrazeneca-facilities/,Small molecule high throughput screen using AstraZeneca facilities,Medical Research Council (MRC),2027-01-28,2026-09-10,"£270,000",This opportunity is open to organisations with standard eligibility. Check if your organisation is eligible .,Apply for funding to run a high throughput screen (HTS) using AstraZeneca’s compound library and screening robots.,,Grant,0.634,0.636,0.135,0.693,0.135,0.75,0.128,,0.861
https://www.ukri.org/opportunity/expression-of-interest-chemical-biological-radiological-and-nuclear-cbrn-medical-countermeasures-rd/,"Expression of interest: Chemical, biological, radiological and nuclear (CBRN) medical countermeasures R&D",Medical Research Council (MRC),2026-10-20,2026-09-10,,This funding opportunity is open to organisations with standard eligibility Check if your organisation is eligible .,"Apply for funding to develop and test novel therapeutics, medical devices, diagnostics and other interventions across any stage of the developmental pathway, from prototype development, through pre-clinical refinement, to early-phase clinical studies (up to phase 2a) for CBRN threats.",,Grant,0.61,0.636,0.186,0.693,,0.789,0.555,,0.861
https://www.ukri.org/opportunity/biodiversa-2026-to-2027-novel-ecosystems-biodivfuture/,Biodiversa+ 2026 to 2027: novel ecosystems (BiodivFuture),Natural Environment Research Council (NERC),2027-04-16,2026-09-09,"£375,000",You should refer to the Biodiversa+ website for general eligibility and the specific funding organisation eligibility rules for UK Research and Innovation (UKRI) before applying.,This funding opportunity allows UK based researchers to collaborate with international partners and submit joint application to the Biodiversa+ 2026 to 2027 joint funding opportunity Novel ecosystems (BiodivFuture).,,Grant,0.624,0.666,0.442,0.234,0.42,0.26,0.472,,0.861
https://www.ukri.org/opportunity/pre-announcement-nmip-sandpit-digital-materials-for-accelerated-innovation/,Pre-announcement: NMIP sandpit: Digital materials for accelerated innovation,Engineering and Physical Sciences Research Council (EPSRC),To be confirmed,,,This opportunity is open to organisations with standard eligibility. Check if your organisation is eligible .,Apply to attend a three to five-day sandpit to develop high-impact projects that address the challenges and opportunities of integrating digital approaches to accelerate the translation of materials research.,,Grant,0.378,0.757,0.466,,,0.75,0.471,,0.861
https://www.ukri.org/opportunity/medicines-manufacturing-data-institute-phase-1/,Medicines Manufacturing Data Institute: Phase 1,Innovate UK,2026-10-14,2026-09-07,,,"UK registered organisations can apply for a share of up to £500,000 for a phase 1 project to establish the Medicines Manufacturing Data Institute (MMDI). This funding is from Innovate UK.",,Grant,0.551,0.693,0.406,0.598,,,0.221,,0.861
https://www.ukri.org/opportunity/engineering-biology-access-to-infrastructure-pilot/,Engineering Biology Access to Infrastructure Pilot,Innovate UK,2026-10-21,2026-09-07,,,UK registered businesses can apply for a share of up to £5 million for Engineering Biology pilot scale and validation projects. This funding is part of UKRI’s Engineering Biology Programme and funded by BIST.,,Grant,0.665,0.693,0.483,0.685,,,0.321,,0.861
https://www.ukri.org/opportunity/focal-award-epsrc-and-mhclg-fire-engineering-skills-hub/,Focal award: EPSRC and MHCLG Fire Engineering Skills Hub,Engineering and Physical Sciences Research Council (EPSRC),2026-11-03,2026-09-08,,This opportunity is open to organisations with standard eligibility. Check if your organisation is eligible .,"Apply for funding for a skills hub to deliver high quality, cohort based doctoral training, and design of high-quality postgraduate level taught programmes in fire engineering",,Grant,0.636,0.757,0.22,0.673,,0.75,0.551,,0.861
https://www.ukri.org/opportunity/esrc-applicant-led-grow-awards/,Pre-announcement: ESRC applicant-led: grow awards,Economic and Social Research Council (ESRC),Open - no closing date,2026-11-05,"£100,000 - £500,000",This opportunity will be open to organisations with standard eligibility. Check if your organisation is eligible .,"Apply for funding to build the skills, experience and confidence to make a step-change in your research career. Grow awards support individuals at key career points to develop new capabilities or pivot in a new direction, strengthening the long-term capacity, adaptability and resilience of the UK’s social science research base.",,Grant,0.33,0.732,0.195,0.707,0.67,0.738,0.468,,0.861
https://www.ukri.org/opportunity/esrc-applicant-led-explore-awards/,Pre-announcement: ESRC applicant-led: explore awards,Economic and Social Research Council (ESRC),Open - no closing date,2026-11-05,"£300,000 - £2,000,000",This opportunity will be open to organisations with standard eligibility. Check if your organisation is eligible .,"Apply for funding to advance knowledge through ambitious, curiosity-driven social science. We are looking for creative, innovative and bold proposals within ESRC’s remit that advance knowledge by pushing disciplinary, methodological or conceptual boundaries. You can propose the approach that best achieves your aims. We will fund individuals or research teams with up to four core members.",,Grant,0.443,0.732,0.195,0.707,0.763,0.738,0.66,,0.861
https://www.ukri.org/opportunity/esrc-applicant-led-challenge-awards/,Pre-announcement: ESRC applicant-led: challenge awards,Economic and Social Research Council (ESRC),Open - no closing date,,"£2,000,000 - £10,000,000",This opportunity will be open to organisations with standard eligibility. Check if your organisation is eligible .,"Apply for funding to bring people, expertise and ideas together in ambitious, larger-scale programmes. Challenge awards tackle major research, economic and societal challenges, generating impactful new knowledge and innovation.",,Grant,0.334,0.732,0.195,,0.837,0.738,0.644,,0.861
https://www.ukri.org/opportunity/water4all-2026-call-sustainable-water-management/,Water4All 2026 call: sustainable water management,Natural Environment Research Council (NERC),2027-04-06,2026-09-08,"£312,500",Refer to the Water4All website for general eligibility and the specific funding organisation eligibility rules for UKRI before applying.,Submit a pre-proposal on the Water4All website .,,Grant,0.663,0.666,0.141,0.854,0.377,0.274,0.406,,0.861
https://www.ukri.org/opportunity/epsrc-defra-reimagining-circularity-full-stage/,EPSRC-Defra Reimagining Circularity: full stage,Engineering and Physical Sciences Research Council (EPSRC),2026-11-03,2026-09-07,"£5,410,000",You can only apply for this funding opportunity if we have invited you to do so following a successful outline application.,"Engineering and Physical Sciences Research Council (EPSRC) invite you to develop a NetworkPlus which builds new capacity, strengthens community and enhances research to innovation capabilities focused on the circular economy in data and metrics, or textiles. You must imaginatively use the ‘Plus’ element to accelerate impact in your chosen area. You must be at a UK research organisation eligible for EPSRC funding.",,Grant,0.514,0.757,0.22,0.696,0.524,0.463,0.7,,0.861
https://www.ukri.org/opportunity/farming-innovation-programme-small-rd-partnership-projects-round-5/,Farming Innovation Programme: Small R&D Partnership Projects Round 5,Innovate UK,2026-10-14,2026-09-01,,,"UK registered businesses can apply for a share of up to £13 million for small R&D partnership projects. This funding is from the industry led R&D Partnerships Fund, a part of the Defra Farming Innovation Programme.",,Grant,0.509,0.693,0.406,0.371,,,0.14,,0.861
https://www.ukri.org/opportunity/national-materials-innovation-programme-crd-rd1/,National Materials Innovation Programme: CR&D Rd1,Innovate UK,2026-10-28,2026-09-01,,,UK registered businesses can apply for a share of up to £12 million for collaborative industrial research to speed the translation of advanced materials innovations in three prioritised high growth themes and one strategic opportunity theme.,,Grant,0.133,0.693,0.19,0.371,,,0.316,,0.861
https://www.ukri.org/opportunity/investor-partnerships-act-and-semiconductors/,Investor Partnerships – ACT and Semiconductors,Innovate UK,2026-10-14,2026-09-01,,,UK registered SMEs can apply for grant funding alongside private investment from selected investor partners.,,Grant,0.498,0.693,0.406,0.371,,,0.361,,0.861
https://www.ukri.org/opportunity/cfi-engineering-biology-for-defra-and-fsa-phase-1/,CfI: Engineering Biology for Defra and FSA Phase 1,Innovate UK,2026-10-14,2026-09-01,,,"Organisations can apply for a share up to £3 million inclusive of VAT, to develop and scale Engineering Biology platforms, products and services.",,Other,0.649,0.693,0.406,0.527,,,0.159,,0.148
https://www.ukri.org/opportunity/trust-and-confidence-in-policing-research-innovation-consortium/,Trust and confidence in policing: Research & Innovation Consortium,Arts and Humanities Research Council (AHRC),2026-10-27,2026-09-01,"£2,000,000",This opportunity is open to organisations with standard eligibility.,Apply for funding to develop and test dynamic tools and approaches to measure public trust and confidence in policing.,,Grant,0.697,0.818,0.171,0.548,0.278,0.66,0.285,,0.861
https://www.ukri.org/opportunity/economic-research-on-the-returns-to-rd-investment/,Economic research on the returns to R&D investment,Economic and Social Research Council (ESRC),2026-11-19,2026-09-10,"£308,000",This opportunity is open to organisations with standard eligibility. Check if your organisation is eligible .,Apply for funding to support research that can help develop new measurements of the return on investments in research and development (R&D).,,Grant,0.55,0.732,0.203,0.693,0.148,0.75,0.373,,0.861
https://www.ukri.org/opportunity/mrc-centre-of-research-excellence-round-five/,MRC Centre of Research Excellence: round five: outline application,Medical Research Council (MRC),2027-02-03,2026-10-01,"£26,250,000",This opportunity is open to organisations with standard eligibility. Check if your organisation is eligible .,Apply for MRC Centre of Research Excellence (MRC CoRE) funding to tackle complex and interdisciplinary health challenges.,,Grant,0.384,0.636,0.244,0.648,0.51,0.75,0.62,,0.861
https://www.ukri.org/opportunity/advanced-manufacturing-measurement-and-sensing-pilot/,Advanced manufacturing: measurement and sensing pilot,Innovate UK,2026-10-07,2026-08-26,,,"UK registered businesses can apply for a share of up to £1 million as part of a pilot. This is to support high potential businesses developing a technology, product or service in measurement, instrumentation or sensing for UK manufacturing.",,Grant,0.709,0.693,0.407,0.631,,,0.284,,0.861
https://www.ukri.org/opportunity/exploring-the-frontiers-of-environmental-research-2026/,Exploring the frontiers of environmental research 2026,Natural Environment Research Council (NERC),2026-11-12,2026-09-10,"£100,000 - £200,000",This opportunity is open to organisations with standard eligibility. Check if your organisation is eligible,Apply for funding to pursue truly novel curiosity-driven environmental research that is at an early stage of development and has the potential to be transformative.,,Grant,0.579,0.666,0.162,0.693,0.69,0.707,0.509,,0.861
https://www.ukri.org/opportunity/ukri-integration-of-ai-hpc-with-quantum/,UKRI: Integration of AI/HPC with quantum computing,Engineering and Physical Sciences Research Council (EPSRC),2026-11-03,2026-09-04,"£3,750,000",This opportunity is open to organisations with standard eligibility. Check if your organisation is eligible,"Apply for funding to expose and overcome critical bottlenecks associated with the implementation of quantum computing within classical computational workflows. This investment will strengthen the UK’s capability to achieve accessible, UK-based quantum computers that deliver benefits beyond classical supercomputers across key sectors of the economy.",,Grant,0.378,0.757,0.22,0.668,0.374,0.707,0.367,,0.861
https://www.ukri.org/opportunity/high-performance-compute-resources-for-epsrc-communities/,High performance compute resources for EPSRC communities,Engineering and Physical Sciences Research Council (EPSRC),2026-10-27,2026-09-01,,"This opportunity is open to organisations with standard eligibility, and organisations who are based overseas. Check if your organisation is eligible",Apply for funding to provide high-performance compute resource for engineering and physical sciences research communities.,,Grant,0.594,0.757,0.171,0.548,,0.856,0.542,,0.861
https://www.ukri.org/opportunity/knowledge-transfer-partnership-ktp-2026-2027-round-3/,Knowledge Transfer Partnership (KTP): 2026 – 2027 Round 3,Innovate UK,2026-10-14,2026-08-13,,,"UK registered academic institutions, RTOs or Catapults can apply for a share of up to £12.5 million to fund innovation projects with businesses.",,Grant,0.541,0.693,0.375,0.73,,,0.339,,0.861
https://www.ukri.org/opportunity/epsrc-strategic-infrastructure-outlines-september-2026/,EPSRC Strategic Infrastructure outlines: September 2026,Engineering and Physical Sciences Research Council (EPSRC),Open - no closing date,2026-09-17,,This opportunity is open to organisations with standard eligibility only. Check if your organisation is eligible .,"Apply for funding to purchase strategic infrastructure (equipment, resources or both). The funding seeks to improve UK scientific capability and enable cutting-edge research that aligns with national priorities, including those within the UK Research and Innovation (UKRI) strategy and EPSRC Strategic Delivery Plan.",,Grant,0.247,0.757,0.195,0.745,,0.79,0.301,,0.861
https://www.ukri.org/opportunity/costar-satellite-labs-accessible-creative-rd-infrastructure/,CoSTAR Satellite Labs: Accessible creative R&D infrastructure,Arts and Humanities Research Council (AHRC),2026-10-29,2026-08-24,"£2,000,000","This funding opportunity is open to organisations with standard eligibility. Check if your organisation is eligible . Organisations, such as businesses or third sector organisations, that are not eligible to receive a direct grant may participate and receive funding as collaborators or partners.",Join the Convergent Screen Technologies and performance in Realtime (CoSTAR) Network and host national research and development (R&D) infrastructure for the creative sector.,,Grant,0.702,0.818,0.176,0.705,0.278,0.698,0.624,,0.861
https://www.ukri.org/opportunity/costar-showcase-labs-createch-infrastructure-and-commercialisation/,CoSTAR Showcase Labs: Createch infrastructure and commercialisation,Arts and Humanities Research Council (AHRC),2026-10-29,2026-08-24,"£4,000,000","This funding opportunity is open to organisations with standard eligibility. Check if your organisation is eligible . Organisations, such as businesses or third sector organisations, that are not eligible to receive a direct grant may participate and receive funding as collaborators or partners.",Join the Convergent Screen Technologies and performance in Realtime (CoSTAR) Network and host national research and development (R&D) infrastructure for the creative sector.,,Grant,0.726,0.818,0.176,0.705,0.471,0.698,0.624,,0.861
https://www.ukri.org/opportunity/transformative-sustainable-ai-technologies/,Transformative sustainable AI technologies,,2026-11-10,2026-08-24,"£602,500",This opportunity is open to organisations with standard eligibility. Check if your organisation is eligible .,Apply for funding for projects focused on speculative and high-risk research with the potential to deliver high rewards and a step change in the sustainability of future AI systems.,,Grant,0.624,,0.14,0.705,0.297,0.75,0.695,,0.861
https://www.ukri.org/opportunity/open-source-semiconductor-security-platform-development/,Pre-announcement: Open-source semiconductor security platform development,Engineering and Physical Sciences Research Council (EPSRC),To be confirmed,,,This opportunity is open to organisations with standard eligibility. Check if your organisation is eligible .,"Apply for funding to support the development of an open-source hardware security research platform to strengthen the UK’s capability to design, test and assure secure hardware.",,Grant,0.535,0.757,0.466,,,0.75,0.349,,0.861
https://www.ukri.org/opportunity/advancing-innovation-in-accelerated-cancer-diagnosis/,Advancing innovation in accelerated cancer diagnosis,Innovate UK,2026-10-28,2026-09-01,,,"Innovate UK, on behalf of the OLS Cancer Healthcare Goals programme, will invest up to £25.4 million, to support the clinical validation and evaluation of early cancer diagnostic technologies and devices.",,Grant,0.677,0.693,0.494,0.371,,,0.514,,0.861
https://www.ukri.org/opportunity/unlocking-advanced-capabilities-in-conservation-and-heritage-science/,Unlocking advanced capabilities in conservation and heritage science,Arts and Humanities Research Council (AHRC),2026-11-25,2026-09-07,"£500,000 - £1,500,000",This opportunity is open to organisations with standard eligibility. Check if your organisation is eligible .,"Apply for funding to strengthen conservation and heritage science infrastructure by building sustainable national capability, improving access to nationally significant facilities and addressing unmet user demand.",,Grant,0.684,0.818,0.189,0.696,0.64,0.75,0.408,,0.861
https://www.ukri.org/opportunity/ai-supported-research-using-ukri-social-science-data/,AI supported research using UKRI social science data (invite only),Economic and Social Research Council (ESRC),2026-10-14,2026-08-24,"£230,000","You can only apply for this funding opportunity as a project lead if you participated in the AI supported research using UKRI social science data sandpit, held in Manchester on 23 to 24 June 2026 and have been invited to do so.",Apply for funding to deliver innovative AI supported research using UK Research and Innovation (UKRI) social science data.,,Grant,0.257,0.732,0.193,0.705,0.134,0.363,0.349,,0.861
https://www.ukri.org/opportunity/drive35-scale-up-fund-drawdown-five/,DRIVE35 Scale-up Fund drawdown five,Innovate UK,2026-11-04,2026-08-10,,,UK registered organisations can apply for a share of up to £150 million to create scale up manufacturing facilities for zero emission vehicle technologies.,,Grant,0.469,0.693,0.414,0.686,,,0.103,,0.861
https://www.ukri.org/opportunity/uk-singapore-crd-2026/,UK-Singapore CRD 2026,Innovate UK,2026-12-16,2026-08-24,,,UK registered businesses can apply for a share of up to £3 million for the purpose of developing innovative proposals with Singapore. You must collaborate with at least one Singapore business applying under the equivalent Enterprise Singapore programme.,,Grant,0.635,0.693,0.363,0.623,,,0.131,,0.861
https://www.ukri.org/opportunity/research-infrastructure-renewal/,Research Infrastructure Renewal,Natural Environment Research Council (NERC),2026-10-21,2026-08-18,"£300,000 - £1,000,000",You can only apply for this funding opportunity if your organisation is eligible for UK Research and Innovation (UKRI) funding.,"Apply for funding to renew, replace and enhance existing research infrastructure and facility capabilities that are demonstrably available to the wider environmental science community.",,Grant,0.694,0.666,0.184,0.748,0.705,0.795,0.332,,0.861
https://www.ukri.org/opportunity/next-generation-artificial-intelligence-ai-explainable-ai/,Next generation artificial intelligence (AI): explainable AI,Engineering and Physical Sciences Research Council (EPSRC),2026-10-20,2026-08-11,"£602,500",This opportunity is open to organisations with standard eligibility. Check if your organisation is eligible .,Apply for funding for projects focused on speculative and high-risk fundamental research with the potential to deliver high reward and a step change in the explainability of future artificial intelligence (AI) systems.,,Grant,0.445,0.757,0.186,0.738,0.297,0.75,0.707,,0.861
https://www.ukri.org/opportunity/farming-futures-rd-fund-automation-and-robotics-round-2/,Farming Futures R&D fund: Automation and Robotics Round 2,Innovate UK,2026-09-30,2026-08-03,,,"UK registered businesses can apply for a share of up to £20 million to develop innovative solutions for automation and robotics in agriculture, horticulture and forestry. This funding is from the Farming Futures R&D fund.",,Grant,0.432,0.693,0.362,0.65,,,0.174,,0.861
https://www.ukri.org/opportunity/resilient-economy-and-security-through-ecosystem-transitions-grants/,Resilient economy and security through ecosystem transitions grants,Natural Environment Research Council (NERC),2026-10-22,2026-08-13,"£2,500,000","This funding opportunity is open to organisations with standard eligibility, and organisations who are based overseas. Check if your organisation is eligible .",Apply for funding for research projects under the NERC-Defra co-funded Resilient Economy and Security through Ecosystem Transitions (RESET) programme,,Grant,0.74,0.666,0.182,0.735,0.239,0.848,0.484,,0.861
https://www.ukri.org/opportunity/experimental-medicine-to-define-mechanisms-of-gambling-disorder/,Pre-announcement: Experimental medicine to define mechanisms of gambling disorder,Medical Research Council (MRC),2027-04-14,2026-10-08,"£3,000,000",This opportunity is open to organisations with standard eligibility. Check if your organisation is eligible .,"Apply for funding for academically led experimental medicine studies in humans that deepen mechanistic understanding of the causal mechanisms underlying the effects of gambling activities, products and interventions in gambling disorder.",,Grant,0.613,0.636,0.217,0.704,0.336,0.75,0.447,,0.861
https://www.ukri.org/opportunity/ukri-translation-bbsrc-proof-of-concept-2026/,UKRI Translation: BBSRC Proof of Concept 2026,Biotechnology and Biological Sciences Research Council (BBSRC),2026-10-14,2026-08-05,"£100,000 - £800,000",This opportunity is open to organisations with standard eligibility. Check if your organisation is eligible .,"Apply for funding to translate bioscience research into innovations such as products, services or solutions that generate real-world economic, societal, and environmental impact.",,Grant,0.251,0.549,0.193,0.743,0.583,0.75,0.543,,0.861
https://www.ukri.org/opportunity/epsrc-new-investigator-award-applicant-led-mode/,EPSRC new investigator award: applicant-led mode,Engineering and Physical Sciences Research Council (EPSRC),Open - no closing date,2026-08-05,,This opportunity is open to organisations with standard eligibility. Check if your organisation is eligible .,Apply for funding to support your transition to research independence. You will present and develop a strong and clear independent research vision and lead a project team to successfully deliver this.,,Grant,0.349,0.757,0.195,0.743,,0.75,0.613,,0.861
https://www.ukri.org/opportunity/doctoral-focal-award-ukri-venture-doctorates-outline-stage/,Doctoral focal award: UKRI venture doctorates: outline stage,Engineering and Physical Sciences Research Council (EPSRC),2026-10-22,2026-08-10,,This opportunity is open to organisations with standard and non-standard eligibility. Check if your organisation is eligible .,"Apply for funding to deliver venture doctoral focal awards, offering entrepreneurship-focused doctoral training.",,Grant,0.284,0.757,0.182,0.747,,0.805,0.732,,0.861
https://www.ukri.org/opportunity/advancing-atmospheric-and-aerial-autonomy/,Advancing atmospheric and aerial autonomy,Natural Environment Research Council (NERC),2026-10-21,2026-08-18,"£300,000 - £1,000,000",This opportunity is open to organisations with standard eligibility. Check if your organisation is eligible .,"Apply for proof-of-concept funding to develop, integrate, deploy, and demonstrate innovative autonomous solutions for atmospheric science or autonomous aerial systems for environmental applications. Projects must deliver demonstrator capability, high-quality environmental data, and pathways towards wider use and adoption.",,Grant,0.582,0.666,0.184,0.748,0.705,0.75,0.498,,0.861
https://www.ukri.org/opportunity/trust-and-confidence-in-policing-ri-consortium/,Pre-announcement: Trust and confidence in policing: R&I Consortium,Arts and Humanities Research Council (AHRC),2026-10-27,2026-09-01,"£2,000,000",This opportunity is open to organisations with standard eligibility. Check if your organisation is eligible .,Apply for funding to develop and test dynamic tools and approaches to measure public trust and confidence in policing.,,Grant,0.623,0.818,0.171,0.548,0.278,0.75,0.285,,0.861
https://www.ukri.org/opportunity/projects-peer-review-panel-pprp-2027/,Projects Peer Review Panel (PPRP) 2027,Science and Technology Facilities Council (STFC),2027-08-31,2026-09-07,,You can only apply for this funding opportunity if we have invited you to do so following a successful Statement of Interest .,"Apply for funding to Projects Peer Review Panel 2026. Only invited applicants, who have undergone a successful statement of interest (SoI) stage are eligible to apply.",,Grant,0.495,0.651,0.163,0.696,,0.283,0.123,,0.861
https://www.ukri.org/opportunity/ukri-eurohpc-joint-undertaking/,Access EuroHPC supercomputers for AI development (AI Factories),,Open - no closing date,,,Email: DRI@ukri.org,"Apply for access to EuroHPC supercomputers to develop artificial intelligence, through the European High-Performance Computing Joint Undertaking (EuroHPC JU). These access modes support AI and data-intensive work, with a focus on foundation models and generative AI, such as large language models.",,Other,0.698,,0.195,,,0.101,0.666,,0.148
https://www.ukri.org/opportunity/access-eurohpc-quantum-computers-through-the-pilot-call/,Access EuroHPC quantum computers through the pilot call,,To be confirmed,,,Email: DRI@ukri.org,"Apply for access to EuroHPC’s quantum computers through the quantum access pilot call, run by the European High Performance Computing Joint Undertaking (EuroHPC JU). The pilot lets researchers explore quantum computing and hybrid quantum and high-performance computing, integrated with EuroHPC’s supercomputers.",,Other,0.712,,0.466,,,0.101,0.641,,0.148
https://www.ukri.org/opportunity/access-eurohpc-supercomputers-for-research-computing/,Access EuroHPC supercomputers for research computing,,Open - no closing date,,,Email: DRI@ukri.org,"Apply for access to Europe’s most powerful supercomputers through the European High-Performance Computing Joint Undertaking (EuroHPC JU). There are four access modes: Benchmark and Development for testing and optimising code, and Regular and Extreme Scale for large research workloads.",,Other,0.738,,0.195,,,0.101,0.648,,0.148
https://www.ukri.org/opportunity/focal-awards-multilingual-futures-for-uk-growth-and-connectivity/,Focal awards: multilingual futures for UK growth and connectivity,Arts and Humanities Research Council (AHRC),2027-01-21,2026-07-30,,You can only apply for this funding opportunity if we have invited you to do so following a successful outline application.,Submit a full application for an AHRC doctoral focal award which seeks to unlock linguistic and cultural expertise. Applications are by invitation only.,,Other,0.691,0.818,0.117,0.648,,0.463,0.259,,0.148
https://www.ukri.org/opportunity/uk-obesity-research-institute/,UK Obesity Research Institute: full application,Medical Research Council (MRC),2026-11-19,2026-07-30,,This funding opportunity is open to organisations with standard eligibility. Check if your organisation is eligible .,"We are seeking director-led applications to investigate mechanistic biomedical drivers of obesity and related diseases such as cardiometabolic disease, and deliver transformative impact in this field.",,Grant,0.178,0.636,0.203,0.648,,0.713,0.683,,0.861
https://www.ukri.org/opportunity/bbsrc-brazil-pump-priming-award-fappa/,BBSRC Brazil pump-priming award (FAPPA),Biotechnology and Biological Sciences Research Council (BBSRC),Open - no closing date,2026-07-29,"£35,000",This opportunity is open to organisations with standard eligibility. Check if your organisation is eligible .,Brazil pump-priming award (FAPPA) supported by Biotechnology and Biological Sciences Research Council (BBSRC) and The São Paulo Research Foundation (FAPESP) are for BBSRC-supported researchers and consortia of academics. Applications must be made by a project lead who is currently in receipt of relevant BBSRC research funding.,,Grant,0.671,0.549,0.195,0.63,0.139,0.75,0.442,,0.861
https://www.ukri.org/opportunity/purchase-mid-range-equipment-for-biomedical-research-mrc-equip/,Purchase mid-range equipment for biomedical research: MRC Equip,Medical Research Council (MRC),2026-11-05,2026-08-13,"£200,000 - £1,000,000",This funding opportunity is open to organisations with standard eligibility. Check if your organisation is eligible .,Funding opportunity for mid-range capital equipment will enable and enhance research across MRC’s scientific areas.,,Grant,0.706,0.636,0.166,0.735,0.697,0.713,0.536,,0.861
https://www.ukri.org/opportunity/future-computing-paradigms-network-plus/,Future computing paradigms Network Plus,Engineering and Physical Sciences Research Council (EPSRC),2026-10-13,2026-08-03,"£2,800,000",This opportunity is open to organisations with standard eligibility. Check if your organisation is eligible .,"Opportunity to build a multidisciplinary Network Plus that will initiate UK collaboration in future computing paradigms and provide evidence-based recommendations for UKRI and government, shaping national research priorities.",,Grant,0.412,0.757,0.172,0.728,0.231,0.75,0.679,,0.861
https://www.ukri.org/opportunity/connecting-culture-fund/,Connecting Culture Fund,Biotechnology and Biological Sciences Research Council (BBSRC),2027-09-30,2026-07-27,"£5,000 - £100,000",You can only apply for this funding opportunity if we have invited you to do so.,Apply for funding to enhance research culture at your BBSRC strategically supported institutes.,,Grant,0.743,0.549,0.152,0.615,0.791,0.658,0.458,,0.861
https://www.ukri.org/opportunity/large-grant-full-applications-november-2026-invite-only/,Large Grant full applications: November 2026 (invite only),Natural Environment Research Council (NERC),2026-11-05,2026-08-05,"£1,120,000 - £3,450,000",You can only apply for this funding opportunity if we have invited you to do so following a successful outline application.,You can only apply for this funding opportunity if we have invited you to do so following a successful outline application.,,Grant,0.284,0.666,0.166,0.743,0.783,0.463,0.155,,0.861
https://www.ukri.org/opportunity/a-guide-for-the-commercialisation-of-creative-industries-research/,A guide for the commercialisation of Creative Industries Research,Arts and Humanities Research Council (AHRC),2026-10-15,2026-07-30,"£250,000",This funding opportunity is open to organisations with standard eligibility. Check if your organisation is eligible .,"Apply for funding to transform the commercialisation of research in the creative industries. A university-led team will collaborate with investors, lawyers and founders to tackle early-stage barriers to commercialisation and develop a new sector-specific university commercialisation guide, with practical frameworks and best practice deal terms.",,Grant,0.61,0.818,0.167,0.648,0.155,0.713,0.548,,0.861
https://www.ukri.org/opportunity/design-generators-round-two/,Design Generators round two,Arts and Humanities Research Council (AHRC),2026-09-29,2026-07-21,"£150,000 - £200,000",This opportunity is open to organisations with standard eligibility. Check if your organisation is eligible .,Apply for funding to combine design-led interventions with arts and humanities methodologies to make positive contributions to the green transition.,,Grant,0.61,0.818,0.181,0.636,0.54,0.75,0.493,,0.861
https://www.ukri.org/opportunity/patt-travel-grants-for-competitively-awarded-observation-time-2026/,PATT travel grants for competitively awarded observation time 2026,Science and Technology Facilities Council (STFC),2026-10-15,2026-08-20,,This opportunity is open to organisations with standard eligibility. Before applying Check if your organisation is eligible .,You can apply for travel and subsistence in support of competitively awarded science observation time at astronomy facilities available to the UK research community.,,Grant,0.324,0.651,0.167,0.716,,0.693,0.654,,0.861
https://www.ukri.org/opportunity/collaborate-with-the-uk-human-functional-genomics-initiative/,Collaborate with the UK Human Functional Genomics Initiative,Medical Research Council (MRC),2026-11-01,2026-04-01,"£15,000 - £100,000","To lead a project, you must be based at an eligible organisation. Check if your organisation is eligible .",Apply for an Academic and Industry Partnership award as part of the UK Human Functional Genomics Initiative’s (FGx) Innovation and Collaboration fund. The awards will enable the development of links between industrial partners and the FGx.,,Grant,0.677,0.636,0.095,0.581,0.751,0.627,0.429,,0.861
https://www.ukri.org/opportunity/ukri-translation-mrc-impact-acceleration-awards/,UKRI Translation: MRC Impact Acceleration Awards,Medical Research Council (MRC),2026-11-11,2026-07-16,"£50,000 - £300,000",This opportunity is open to organisations with standard eligibility. Check if your organisation is eligible .,"Apply to the MRC Impact Acceleration Award for single-step support in developing a new or repurposed medicine, medical device, diagnostic, or other medical product.",,Grant,0.491,0.636,0.135,0.657,0.678,0.757,0.485,,0.861
https://www.ukri.org/opportunity/japan-uk-joint-call-for-collaborations-in-advanced-connectivity-technologies-full/,Japan-UK Joint call for collaborations in Advanced Connectivity Technologies,Engineering and Physical Sciences Research Council (EPSRC),2026-10-06,2026-07-10,"£1,121,600","For support under this funding opportunity, applicants and organisations must be eligible to apply for funding from their respective country’s funding agency.",Apply for funding to form world‑leading partnerships with collaborators in Japan in the field of Advanced Connectivity Technologies.,,Grant,0.759,0.757,0.166,0.696,0.759,0.774,0.387,,0.861
https://www.ukri.org/opportunity/mrc-proof-of-concept-stage-two/,UKRI translation: MRC proof of concept: stage two,Medical Research Council (MRC),2026-11-04,2026-07-09,,You can only apply for this funding opportunity if we have invited you to do so following a successful stage one application.,This funding opportunity was previously titled ‘Developmental pathway funding scheme: stage two’.,,Grant,0.276,0.636,0.165,0.683,,0.318,0.328,,0.861
https://www.ukri.org/opportunity/doctoral-focal-award-plus-innovating-in-data-driven-research/,Doctoral focal award plus: innovating in data-driven research,Economic and Social Research Council (ESRC),2026-10-14,2026-07-08,,This opportunity is open to organisations with standard eligibility. Check if your organisation is eligible .,We are commissioning one doctoral focal award plus to develop a cadre of social scientists from doctoral studentships and across career stages with the skills needed to use data-driven research approaches in innovative ways. It will deliver both doctoral training and targeted training and capacity-building activities.,,Grant,0.497,0.732,0.193,0.682,,0.757,0.582,,0.861
https://www.ukri.org/opportunity/mrc-proof-of-concept-stage-one/,UKRI Translation: MRC Proof of Concept: stage one,Medical Research Council (MRC),2026-11-18,2026-07-02,,This funding opportunity is open to organisations with standard eligibility.,"This funding opportunity was previously titled ‘Developmental pathway funding scheme: stage one’. Ensure you apply to the correct scheme, as similarly titled UKRI opportunities exist.",,Grant,0.237,0.636,0.143,0.6,,0.621,0.178,,0.861
https://www.ukri.org/opportunity/enhancing-resilience-to-wildfires-in-the-wildland-urban-interface/,Enhancing resilience to wildfires in the wildland-urban interface,,2026-10-01,2026-07-02,"£1,575,000",This opportunity is open to organisations with standard eligibility. Check if your organisation is eligible .,"Apply for funding to deliver collaborative research projects with partners from the US, Canada or both to improve understanding of and resilience to wildfire occurrence and impacts in the wildland-urban interface.",,Grant,0.519,,0.132,0.6,0.518,0.757,0.368,,0.861
https://www.ukri.org/opportunity/daphne-jackson-fellowship/,Daphne Jackson Trust fellowship,Arts and Humanities Research Council (AHRC),Open - no closing date,,,Daphne Jackson Trust fellowships are retraining fellowships open to researchers and research technical professionals across the UKRI remit.,"UKRI invest in Daphne Jackson Trust fellowships. These fellowships are for researchers and research technical professionals looking to return to a research career after a break of two or more years for family, health or caring reasons.",,Fellowship,0.672,0.818,0.195,,,0.777,0.512,,0.811
https://www.ukri.org/opportunity/epsrc-strategic-infrastructure-2026-invite-only/,EPSRC Strategic Infrastructure 2026 (invite only),Engineering and Physical Sciences Research Council (EPSRC),2026-10-08,2026-07-07,,You can only apply for this funding opportunity if we have invited you to do so following a successful outline application.,"Apply for funding to purchase strategic infrastructure (equipment, resources or both). The funding seeks to improve UK scientific capability and enable cutting-edge research that aligns with national priorities, including those within the UK Research and Innovation (UKRI) strategy and EPSRC Strategic Delivery Plan.",,Grant,0.592,0.757,0.156,0.697,,0.467,0.301,,0.861
https://www.ukri.org/opportunity/2445-drive35-scale-up-fund/,2445: DRIVE35: Scale Up Fund,Innovate UK,Open - no closing date,2026-06-17,,,"UK registered organisations can apply for a share of up to £150 million, to create scale up manufacturing facilities for zero emission vehicle technologies.",,Grant,0.574,0.693,0.195,0.683,,,0.086,,0.861
https://www.ukri.org/opportunity/innovation-loans-expression-of-interest/,Innovation Loans Expression of Interest,Innovate UK,Open - no closing date,2026-06-06,"£100,000 - £5,000,000",,"UK registered micro, small or medium sized enterprises can submit an Expression of Interest for loans for close to market innovative projects with strong commercial potential. They must significantly improve the UK economy and drive societal benefit.",,Loan,0.369,0.693,0.195,0.441,0.802,,0.346,,0.708
https://www.ukri.org/opportunity/early-independence-ernest-rutherford-fellowships-2026/,Early Independence: Ernest Rutherford Fellowships 2026,Science and Technology Facilities Council (STFC),2026-09-30,2026-06-03,,This funding opportunity is open to organisations with standard eligibility. Check if your organisation is eligible .,STFC offers up to 10 Ernest Rutherford Fellowships (ERFs) to applicants on an upward trajectory to pursuing working independently and developing research leadership are encouraged to apply if your research focus is within the remit of STFC core science programme.,,Fellowship,0.278,0.651,0.185,0.668,,0.711,0.531,,0.811
https://www.ukri.org/opportunity/mathematical-sciences-early-independence-fellowship/,Mathematical Sciences Early Independence Fellowship,Engineering and Physical Sciences Research Council (EPSRC),Open - no closing date,2026-05-21,"£1,250,000",This opportunity is open to organisations with standard eligibility. Check if your organisation is eligible .,Apply for an early independence fellowship to support your career transition within the Fellowship investment framework . Most of your project’s research novelty must be in EPSRC’s mathematical sciences remit.,,Fellowship,0.764,0.757,0.195,0.652,0.439,0.757,0.596,,0.811
https://www.ukri.org/opportunity/bbsrc-standard-research-grant-applicant-led-mode/,BBSRC standard research grant: applicant-led mode,Biotechnology and Biological Sciences Research Council (BBSRC),Open - no closing date,2026-05-01,"£2,000,000",This opportunity is open to organisations with standard eligibility. Check if your organisation is eligible .,Apply for funding to support excellent investigator-led research across the breadth of the Biotechnology and Biological Sciences Research Council (BBSRC) scientific remit.,,Grant,0.363,0.549,0.195,0.589,0.278,0.757,0.248,,0.861
https://www.ukri.org/opportunity/bbsrc-new-investigator-award-applicant-led-mode/,BBSRC new investigator award: applicant-led mode,Biotechnology and Biological Sciences Research Council (BBSRC),Open - no closing date,2026-05-01,"£2,000,000",This opportunity is open to organisations with standard eligibility. Check if your organisation is eligible .,Apply for funding to support excellent new investigator-led research across the breadth of the Biotechnology and Biological Sciences Research Council (BBSRC) scientific remit.,,Grant,0.327,0.549,0.195,0.589,0.278,0.757,0.295,,0.861
