url,list_title,title,date,authors,summary,pdf,doi,topics,schema_type,via,kind,kind_confidence
https://odi.org/en/publications/beyond-sovereignty-nationally-led-crisis-response-in-east-africa/,Beyond sovereignty: nationally led crisis response in East Africa,Beyond sovereignty: nationally led crisis response in East Africa,2026/09/17,John Bryant,"This policy brief draws some common findings from the examples of Kenya and Somalia, including both barriers and areas of practical progress through sub-national authorities, civil society and social protection mechanisms. These common findings are then considered in the context of Uganda, South Sudan and Ethiopia, each undergoing unique transitions and with lessons for state authorities, civil society, donors and international organisations.",https://odi.org/documents/10192/East_Africa_policy_brief_final.pdf,,,website,browser,brief,0.9857
https://odi.org/en/publications/poverty-and-public-finance-a-primer/,Poverty and public finance: a primer,Poverty and public finance: a primer,2026/09/02,Martin Evans,"A primer on how poverty is defined, measured and reported and how fiscal policy shapes poverty outcomes.",https://odi.org/documents/10189/Poverty_and_public_finance.pdf,,,website,browser,brief,0.65
https://odi.org/en/publications/what-makes-finance-ministry-officials-tick/,What makes finance ministry officials tick,What makes finance ministry officials tick,2026/08/05,Gundula Löffler; Andrea Sissa Velandia; Antoine Lacroix,"A survey of 142 finance ministry officials across low- and middle-income countries reveals how they navigate competing budget demands, and who they believe really holds influence over spending decisions.",https://odi.org/documents/10181/What_makes_finance_ministry_officials_tick.pdf,,,website,browser,report,0.7512
https://odi.org/en/publications/equitable-ai-governance-for-the-global-south-a-supply-chains-and-value-chains-approach/,Equitable AI governance for the Global South: a supply chains and value chains approach,Equitable AI governance for the Global South: a supply chains and value chains approach,2026/08/04,Dr Divij Joshi,"This report develops the concept of the ‘Global AI Divide’, in order to conceptually understand various intersecting dimensions of global inequalities and their intersections with AI development.",,,,website,browser,report,0.8758
https://odi.org/en/publications/does-eu-aid-promote-eu-exports/,Does EU aid promote EU exports?,Does EU aid promote EU exports?,2026/09/23,Derrick Abudu; Maximiliano Mendez-Parra; Dirk Willem te Velde,A 20-year empirical study shows every €1 in EU development cooperation to Africa is associated with €6.80 in European goods and services exports. Discover how investing in partner-country development actively strengthens European competitiveness and trade.,https://odi.org/documents/10198/Study-Summary-EU-Development-Cooperation-Delivers-for-Both-Partners-September-2026.pdf,,,website,browser,report,0.729
https://odi.org/en/publications/how-lgbtqi-movements-shape-inclusive-civic-space-in-pakistan/,How LGBTQI+ movements shape inclusive civic space in Pakistan,How LGBTQI+ movements shape inclusive civic space in Pakistan,2026/09/22,Ayesha Khan; Sarah Zaman; Ghausia Rashid Salam; Evie Browne,"This report by ODI Global, ALIGN and the Global Philanthropy Project, demonstrates how LGBTQI+ movements have changed civic space in Pakistan, even as their participation is constrained by discriminatory social norms and narrowed opportunities to exercise political voice.",https://odi.org/documents/10196/How_LGBTQI_movements_shape_inclusive_civic_space_in_Pakistan.pdf,,,website,browser,report,0.9563
https://odi.org/en/publications/resourcing-lgbtqi-movements-in-the-global-south-and-east-to-build-inclusive-civic-space/,Resourcing LGBTQI+ movements in the Global South and East to build inclusive civic space,Resourcing LGBTQI+ movements in the Global South and East to build inclusive civic space,2026/09/22,Evie Browne; Carmen Leon-Himmelstine; Ayesha Khan,"Drawing on research from Pakistan, Thailand and Argentina, this Briefing Paper by ODI Global, ALIGN and the Global Philanthropy Project, argues that investment in LGBTQI+ movements is an investment in a more inclusive civic space – and, ultimately, in democracy.",https://odi.org/documents/10197/ResourcingMovements-PolicyBrief.pdf,,,website,browser,brief,0.8992
https://odi.org/en/publications/the-talibans-madrassa-system-in-afghanistan-the-threat-to-global-peace-and-security/,The Taliban’s madrassa system in Afghanistan: the threat to global peace and security,The Taliban’s madrassa system in Afghanistan: the threat to global peace and security,2026/09/21,Ayesha Khan; Mariam Safi,The Taliban’s development of an ideologically driven madrassa education system could pose risks to global peace and security. This ODI Policy Brief warns global policymakers about the implications of this emerging system.,https://odi.org/documents/10195/ODI-ES-AfghanistanMadrassa-PolicyBrief-Aug26-Proof03.pdf,,,website,browser,brief,0.9781
https://odi.org/en/publications/public-finance-in-the-digital-era-emerging-themes-2026/,Public finance in the digital era: emerging themes 2026,Public finance in the digital era: emerging themes 2026,2026/09/18,Ameya Ashok Naik,"How can governments use digital technologies, AI and data to strengthen public financial management, improve accountability and respond to emerging fiscal pressures?",https://odi.org/documents/10193/Publicfinance_in_the_digital_era-emerging_themes_2026.pdf,,,website,browser,brief,0.8178
https://odi.org/en/publications/defining-progress-in-domestic-capital-market-development/,Defining progress in domestic capital market development,Defining progress in domestic capital market development,2026/09/03,Grant Metcalfe-Smith; Andrea Carvajal,This note was prepared for the third ODI Global–Gates Foundation roundtable on domestic capital market development in Africa.,https://odi.org/documents/10190/Defining_progress_in_DCMD.pdf,,,website,browser,commentary,0.2472
https://odi.org/en/publications/community-resilience-and-inclusion-in-protracted-crises-lessons-from-the-syrian-civil-war/,Community resilience and inclusion in protracted crises: lessons from the Syrian civil war,Community resilience and inclusion in protracted crises: lessons from the Syrian civil war,2026/08/10,Ian D. Quick,This case study discusses support to community resilience and economic inclusion during the Syria crisis for the period 2020–2024.,https://odi.org/documents/10185/Case_study_Community_resilience_and_inclusion_in_protracted_crises.pdf,,,website,browser,report,0.7842
https://odi.org/en/publications/programme-of-work-ida/,Programme of work - IDA Technical Working Group,Programme of work - IDA Technical Working Group,2026/07/20,,"Explore research from the IDA Technical Working Group on reforms to strengthen IDA's financial sustainability, operations and concessional financing.",https://odi.org/documents/10128/Programme_of_work_-_TWG.pdf,,,website,browser,brief,0.6232
https://odi.org/en/publications/climate-change-is-driving-up-loss-and-damage-in-sids/,Climate change is driving up loss and damage in SIDS,Climate change is driving up loss and damage in SIDS,2026/06/16,Emily Wilkinson; Vikrant Panwar,Small Island Developing States (SIDS) experience higher levels of loss and damage from extreme weather in relation to their gross domestic product (GDP) than any other group of countries. And new data suggests that an increasingly high proportion of these losses can be directly attributed to climate change.,https://odi.org/documents/10134/Briefing_Paper_Climate_change_is_driving_up_loss_and_damage_in_SIDS.pdf,,,website,browser,report,0.814
https://odi.org/en/publications/raising-fdi-for-african-manufacturing-an-assessment-of-manufacturing-africas-additionality/,Raising FDI for African manufacturing: an assessment of Manufacturing Africa’s additionality,Raising FDI for African manufacturing: an assessment of  Manufacturing Africa’s additionality,2026/07/27,Linda Calabrese; Tiina Pasanen; Derrick Abudu; Courtney Lindsay; Anushka Sisodia; Dirk Willem te Velde,"New independent research finds Manufacturing Africa (MA) has mobilised £2.2bn in FDI and 150,000 jobs since 2019, accelerating and strengthening investment into African manufacturing. The study assesses MA’s additionality and highlights its catalytic role in driving structural transformation.",https://odi.org/documents/10170/Raising_FDI_for_African_manufacturing_-_External_final.pdf,,,website,browser,report,0.436
https://odi.org/en/publications/refugee-camps-current-practice-historical-perspectives/,Refugee camps: current practice and historical perspectives,Refugee camps: current practice and historical perspectives,2026/07/23,Benjamin Thomas White; Kerrie Holloway,"This outcome note details the reflection, discussion and learning that were generated in a series of workshops that sought to bring together stakeholders from a wide range of organisations led by and supporting refugees.",https://odi.org/documents/10168/Refugee_camps_outcome_note-final.pdf,,,website,browser,report,0.7152
https://odi.org/en/publications/financing-the-frontline-how-health-facilities-receive-manage-and-utilise-financial-resources-in-six-low-and-middle-income-countries/,"Financing the frontline: how health facilities receive, manage and utilise financial resources in six low- and middle-in","Financing the frontline: how health facilities receive, manage and utilise financial resources in six low- and middle-income countries",2026/07/16,Tom Hart; Danielle Serebro; Antoine Lacroix,"A new cross-country analysis examines how financing reaches primary health care (PHC) facilities in six countries — Burkina Faso, Indonesia, Kenya, Pakistan (Khyber Pakhtunkhwa), the Philippines, and Uganda — and how public financial management (PFM) systems influence facilities' ability to use these resources. The study explores funding sources and flows, the PFM rules governing access and spending, and the types of expenditures that PHC facilities are permitted to make.Drawing on comparative evidence across diverse health systems, the report finds that improving PHC service delivery depends ",https://healthsystemsinsight.org/wp-content/uploads/2026/07/Facility-Financing-Report_July-2026.pdf,,,website,browser,report,0.5269
https://odi.org/en/publications/making-an-exception-maintaining-oda-eligibility-for-small-island-developing-states/,Making an exception: maintaining ODA eligibility for Small Island Developing States,Making an exception: maintaining ODA eligibility for Small Island Developing States,2026/07/16,Vikrant Panwar; Gail Hurley; Emily Wilkinson; Aditi Solanki; Johari Weaver,"Small Island Developing States (SIDS) face a graduation framework that isn't working for them - and with 11 set to graduate from overseas development assistance (ODA) eligibility in the coming years, the case for reform is urgent.",https://odi.org/documents/10127/Making-an-exception-Working-paper-V4.pdf,,,website,browser,brief,0.7332
https://odi.org/en/publications/syria-climate-risks-water-electricity/,Background analysis of climate risks to Syria’s electricity and urban water sectors,Background analysis of climate risks to Syria’s electricity and urban water sectors,2026/07/15,Sarah Opitz-Stapleton; Magda Nassef; Camille Laville; Jim Jarvie; Yue Cao; Basile Maupu-Estupina; Mauricio Vazquez,"This report brings together new analysis of Syria’s climate trends, population scenarios, water systems and electricity demand to inform risk-informed reconstruction planning through 2045 and beyond.",https://odi.org/documents/10125/ODI_Global_-_Background_Analysis_Climate_Risks_to_Syria_electricity_and_urban_WASH.pdf,,,website,browser,report,0.9785
https://odi.org/en/publications/tax-expenditure-report-rwanda/,Tax expenditure report: Rwanda,Tax expenditure report: Rwanda,2026/07/15,Romal Sanjeeda; Harshil Parekh,"TaxDev supported Rwanda's eighth Tax Expenditure Report, strengthening fiscal transparency with improved analysis, forecasting, and climate tax tagging.",https://odi.org/documents/10123/Tax_Expenditure_Report_2024-2025.pdf,,,website,browser,report,0.5561
https://odi.org/en/publications/the-political-economy-of-education-system-incoherence-in-jordan/,The political economy of education system (in)coherence in Jordan,The political economy of education system (in)coherence in Jordan,2026/07/15,Olya Homonchuk; Caterina Mazzilli; Tim Kelsall,The paper captures the political economy context in Jordanian education sector as it stood in February 2025 and provides a useful baseline for understanding subsequent developments.,https://odi.org/documents/10124/The_political_economy_of_education_system_incoherence_in_Jordan.pdf,,,website,browser,academic,0.6757
https://odi.org/en/publications/has-the-world-bank-really-accelerated-50-million-electricity-connections-in-africa/,Has the World Bank really ‘accelerated’ 50 million electricity connections in Africa?,Has the World Bank really ‘accelerated’ 50 million electricity connections in Africa?,2026/07/09,Bright Simons,"ODI Global advises leaders on driving positive change. We turn bold ideas, evidence, and broad expertise into actionable strategies for a more resilient, just and equitable future.",https://odi.org/documents/10121/ODI_Simons_50_million_electricity_connectons_in_Africa.pdf,,,website,browser,brief,0.3592
https://odi.org/en/publications/north-stars-for-northern-donors-in-a-post-aid-world/,North Stars for Northern Donors in a Post-Aid World: moving from dialogue to decisions,North Stars for Northern Donors in a Post-Aid World: moving from dialogue to decisions,2026/07/02,Nilima Gulrajani,"In this paper, we set out eight ambitious propositions for how Northern donors might chart a course through the decade ahead.",https://odi.org/documents/10120/North_Stars_for_Northern_DPAW.pdf,,,website,browser,academic,0.4072
https://odi.org/en/publications/gender-norms-and-protection-navigating-agency-risk-and-backlash/,"Gender norms and protection: navigating agency, risk and backlash","Gender norms and protection: navigating agency, risk and backlash",2026/07/07,Anki Sjöberg; Ján Michalko; Gemma Davies,"This report identifies six critical takeaways for humanitarian, protection and gender actors to strengthen the intersection of gender norms with protection action in the current hostile geopolitical context.",https://odi.org/documents/10119/HPG_WP_gender_norms_and_protection_final3.pdf,,,website,browser,report,0.9218
https://odi.org/en/publications/comparing-tax-and-benefit-microsimulation-models-a-guide-for-analysts-in-low-and-middle-income-countries/,Comparing tax and benefit microsimulation models: a guide for analysts in low- and middle-income countries,Comparing tax and benefit microsimulation models: a guide for analysts in low- and middle-income countries,2026/07/01,Laura Abramovsky; Martin Evans; Abdul Malik Iddrisu; Martin Mikloš; David Philips,"Distributional analysis is a crucial component of policymaking. Distributional models estimate who gains from and who bears the costs of different tax and benefit policies. They can provide a detailed diagnostic assessment of the existing fiscal system, help identify areas for reform, and model the impacts of proposed reforms and alternative policy scenarios. This helps policymakers understand the distributional, poverty, and inequality impacts of different policies and their combinations.Multiple tools for distributional analysis are now available for low- and middle-income countries (L&amp;M",,,,website,browser,brief,0.5428
https://odi.org/en/publications/oppression-liberation-and-humanitarianism-in-palestine-myanmar-and-sudan/,"Oppression, liberation and humanitarianism in Palestine, Myanmar and Sudan","Oppression, liberation and humanitarianism in Palestine, Myanmar and Sudan",2026/07/01,Nora Hassanien; Manny Maung; Dustin Barter,"This paper examines how historical and contemporary settler colonialism, compounded by predatory capitalism, drive extreme violence and vast humanitarian needs in Palestine, Myanmar and Sudan. They are not accidental crises but manufactured and sustained by oppressive power systems and malicious actors.",https://odi.org/documents/10113/Oppression-liberation-humanitarianism_final.pdf,,,website,browser,report,0.5777
https://odi.org/en/publications/impact-report-bridging-europe-and-the-world-in-a-fragmented-era/,ODI Europe Impact Report: Bridging Europe and the world in a fragmented era,ODI Europe Impact Report: Bridging Europe and the world in a fragmented era,2026/07/16,,"Europe's role in the world is being tested, renegotiated, and reshaped in real time. As geopolitical rivalry intensifies, economic security reshapes strategic choices, and multilateral cooperation grows more contested, the assumptions that once underpinned European policymaking no longer hold. Our new impact report sets out how ODI Europe has worked over the past year to help Europe and its partners navigate this more complex and interconnected global landscape.",https://odi.org/documents/10126/Impact_Report_Bridging_Europe__and_the_World_in_a_Fragmented_Era_ODI.pdf,,,website,browser,report,0.4841
https://odi.org/en/publications/the-eu-malawi-partnership/,The EU–Malawi partnership: outlook for EU development cooperation,The EU–Malawi partnership: outlook for EU development cooperation,2026/07/31,Claire Kumar; Davide Fina,"This report explores the outlook for the EU’s development cooperation in Malawi and particularly how alignment with the Global Gateway strategy and the EU’s new strategic agenda, are reshaping programming and investments in the country.",https://odi.org/documents/10180/EU-Malawi_partnership_-_policy_brief.pdf,,,website,browser,report,0.9859
https://odi.org/en/publications/delivering-an-ecosystem-approach-to-humanitarian-action/,Delivering an ecosystem approach to humanitarian action: proposals from the Advisory Panel on the Future of Humanitarian,Delivering an ecosystem approach to humanitarian action: proposals from the Advisory Panel on the Future of Humanitarian Action,2026/06/29,Advisory Panel on the Future of Humanitarian Action,"The Advisory Panel on the Future of Humanitarian Action proposes an ecosystem approach to the humanitarian system, which would entail bolstering the local systems that already serve people in need, while addressing the power imbalances in terms of funding, decision-making, risk and accountability.",https://odi.org/documents/10114/FHA_shifts_paper_final_r9ZmWS7.pdf,,,website,browser,brief,0.44
https://odi.org/en/publications/getting-funds-to-the-front-line/,Getting funds to the front-line: Uganda's experience with DFF,Getting funds to the front-line: Uganda's experience with DFF,2026/06/26,Antoine Lacroix; Angellah Nakyanzi; Martin Wabwire; Keren Chebet; Derrick Semukasa; Tom Hart,This paper traces how Uganda's DFF system evolved across three reform phases between 2007 and 2015.,https://odi.org/documents/10109/Getting_funds_to_the_front-line_a3rshFF.pdf,,,website,browser,academic,0.4637
https://odi.org/en/publications/delivering-on-gender-equality-the-missing-piece-in-climate-and-food-systems-policy/,Delivering on gender equality: the missing piece in climate and food systems policy,Delivering on gender equality: the missing piece in climate and food systems policy,2026/06/24,Maryam Rezaei; Shahzoda Alikhanova,This brief examines the structural failures in climate and food systems policy and finance that leave women in climate-vulnerable agrifood contexts the most exposed and least supported.,https://odi.org/documents/10104/ODI_Global_Policy_brief_Gender_equality_pass6.pdf,,,website,browser,brief,0.9925
https://odi.org/en/publications/online-violence-against-women-in-politics-what-shapes-political-party-responses-to-technology-facilitated-gender-based-violence/,Online violence against women in politics: what shapes political party responses to technology-facilitated gender-based ,Online violence against women in politics: what shapes political party responses to technology-facilitated gender-based violence?,2026/06/24,Ján Michalko; Diana Jiménez Thomas Rodriguez,"In order to promote and protect fair and democratic participation in politics, this ALIGN Report explores what political parties are doing in response to TFGBV and what factors shape their action.",,,,website,browser,report,0.7137
https://odi.org/en/publications/the-state-of-sids-report-2026-defending-the-special-case/,The State of SIDS Report 2026: defending the special case,The State of SIDS Report 2026: defending the special case,2026/06/24,Eliorah Malifa; Emily Wilkinson; Jack Corbett; Matthew Bishop; Gail Hurley; Courtney Lindsay; Rachid Bouhia; George Carter,The inaugural State of SIDS Report 2026 from the Resilient and Sustainable Islands Initiative (RESI) at ODI Global.,https://odi.org/documents/10095/SSR2026-V8-Digital-Higher-res.pdf,,,website,browser,report,0.4341
https://odi.org/en/publications/green-trade-regional-value-chains-and-new-partnerships-for-cooperation-accelerating-green-industrialisation-through-partnerships-with-a-focus-on-africa/,"Green trade, regional value chains and new partnerships for cooperation: accelerating green industrialisation through pa","Green trade, regional value chains and new partnerships for cooperation: accelerating green industrialisation through partnerships with a focus on Africa",2026/06/23,Jodie Keane; Bernardo Arce Fernandez,"As global supply chains shift toward resilience, this report outlines how green trade, regional value chains and new partnerships can unlock investment, strengthen economic security and drive Africa’s green industrial transformation.",https://odi.org/documents/10093/Briefing_Paper_-_Green_trade_regional_value_chains_and_new_partnerships_for_co_6S6nVKB.pdf,,,website,browser,report,0.82
https://odi.org/en/publications/implementation-of-the-afcfta-protocol-on-investment-a-stocktake-of-promotion-and-facilitation-provisions-and-potential-effects-on-textiles-and-garments-value-chains/,Implementation of the AfCFTA Protocol on Investment: a stocktake of promotion and facilitation provisions and potential ,Implementation of the AfCFTA Protocol on Investment: a stocktake of promotion and facilitation provisions and potential effects on textiles and garments value chains,2026/06/19,Bernardo Arce Fernandez; Derrick Abudu; Roslyn Ng’eno; Dirk Willem te Velde; Faizel Ismail; Bruce Byiers; Poorva Karkare; Mouhamadou Madana Kane; Dode Seidu; Paul Baker; Smita Bheenick; Fahd Azaroual,"This report assesses early implementation of the AfCFTA Protocol on Investment, examining progress on promotion and facilitation reforms and their potential to strengthen regional textiles and garments value chains, highlighting operational gaps and priorities to boost intra‑African investment.",https://odi.org/documents/10094/Implementation_of_the_AfCFTA_Protocol_on_Investment_FINAL_v1.pdf,,,website,browser,report,0.9746
https://odi.org/en/publications/undertaking-afcfta-gap-analyses-what-are-we-learning/,Undertaking AfCFTA gap analyses: what are we learning?,Undertaking AfCFTA gap analyses: what are we learning?,2026/06/19,Dirk Willem te Velde; Bernardo Arce Fernandez; Derrick Abudu; Yohannes Ayele; Maximiliano Mendez-Parra; Roslyn Ng’eno; Fahd Azaroual; Paul Baker; Smita Bheenick; Damon Bristow; Mary Chege; Mag-Teerey Ibrahim,"This report presents the AfCFTA gap analysis methodology and lessons from pilot country assessments, identifying legal and institutional reforms needed to align national investment frameworks with the Protocol on Investment and accelerate practical implementation across Africa.",https://odi.org/documents/10090/Undertaking_AfCFTA_gap_analyses_Final.pdf,,,website,browser,report,0.9868
https://odi.org/en/publications/gender-equality-and-the-climate-crisis-resolutions-at-the-human-rights-council/,Gender equality and the climate crisis: resolutions at the Human Rights Council,Gender equality and the climate crisis: resolutions at the Human Rights Council,2026/06/15,Amy Cano Prentice; Evie Browne; Brianna Craft; Donya Khosravi,"How have gender and climate change been addressed together in the Human Rights Council? This Briefing Paper establishes a baseline for understanding how the gender–climate nexus is addressed within the HRC, providing a foundation for tracking future progress.",https://odi.org/documents/10086/ODI-BP-Gender-Climate-HRC-18Jun.pdf,,,website,browser,brief,0.7461
https://odi.org/en/publications/the-value-of-debt-pause-clauses/,The value of debt pause clauses,The value of debt pause clauses,2026/06/18,Tom Hart; Andrea Carvajal,This report assesses the potential value of broad pause clauses by modelling the liquidity relief using seven middle-income countries as case studies.,https://odi.org/documents/10087/The_value_of_debt_pause_clauses.pdf,,,website,browser,report,0.9795
https://odi.org/en/publications/eight-considerations-for-adaptation-finance-quality-discussions/,Eight considerations for adaptation finance quality discussions,Eight considerations for adaptation finance quality discussions,2026/06/17,Nella Canales; Lina Adil; Natalia Daza Niño; Iyaloo Akuaake,"As climate finance targets increase, this paper asks: what does efficient and strategic allocation of quality finance for adaptation look like?",https://odi.org/documents/10084/Eight_considerations_for_adaptation_finance_quality_discussions_Finance_Working_Group.pdf,,,website,browser,academic,0.5541
https://odi.org/en/publications/delivering-climate-resilience-peace-sahel/,Climate action as peace enabler: lessons from the Sahel on delivering peace and social dividends in fragile settings,Climate action as peace enabler: lessons from the Sahel on delivering peace and social dividends in fragile settings,2026/06/09,Camille Laville; Leigh Mayhew; Maman Noura Idi Mamadou; Amir Khouzam,This case study examines the Justice and Stability in the Sahel (JASS) programme in Mali and Niger to explore whether climate action in the Sahel can generate broader peace and social benefits alongside enhanced resilience.,https://odi.org/documents/10080/Climate_action_as_peace_enabler_Lessons_from_the_Sahel.pdf,,,website,browser,report,0.6413
https://odi.org/en/publications/diversification-of-household-activities-among-cotton-farming-households-in-southern-mali/,Diversification of household activities among cotton-farming households in southern Mali,Diversification of household activities among cotton-farming households in southern Mali,2026/05/28,Boukary Barry; Dansiné Diarra; Marta Eichsteller; Kougba Sangaré; Joseph Sanou; Steve Wiggins,This report examines how cotton farmers in Southern Mali are diversifying their incomes in the face of shrinking yields.,https://odi.org/documents/10073/ODI_BCI-Mali-Report-EN-Mar26-Proof02_Final.pdf,,,website,browser,report,0.9561
